INSERT INTO "public"."codexes" ("id", "name", "faction", "expansion_of") VALUES (161, 'Adepta Sororitas', 'imperium', null), (162, 'Adeptus Custodes', 'imperium', null), (163, 'Adeptus Mechanicus', 'imperium', null), (164, 'Aeldari', 'xenos', null), (165, 'Astra Militarum', 'imperium', null), (166, 'Black Templars', 'imperium', 182), (167, 'Blood Angels', 'imperium', 182), (168, 'Chaos Daemons', 'chaos', null), (169, 'Chaos Knights', 'chaos', null), (170, 'Chaos Space Marines', 'chaos', null), (171, 'Emperor''s Children', 'chaos', 170), (172, 'Dark Angels', 'imperium', 182), (173, 'Death Guard', 'chaos', null), (174, 'Drukhari', 'xenos', null), (175, 'Genestealer Cults', 'xenos', null), (176, 'Grey Knights', 'imperium', null), (177, 'Imperial Agents', 'imperium', null), (178, 'Imperial Knights', 'imperium', null), (179, 'Leagues Of Votann', 'xenos', null), (180, 'Necrons', 'xenos', null), (181, 'Orks', 'xenos', null), (182, 'Space Marines', 'imperium', null), (183, 'Space Wolves', 'imperium', 182), (184, 'T''au Empire', 'xenos', null), (185, 'Thousand Sons', 'chaos', null), (186, 'Tyranids', 'xenos', null), (187, 'World Eaters', 'chaos', null);

INSERT INTO "public"."units" ("id", "codex", "name", "type", "hero") VALUES (1482, 161, 'Aestred Thurga and Agathae Dolan', 'leader', 'true'), (1483, 161, 'Arco-flagellants', 'squad', 'false'), (1484, 161, 'Battle Sisters Squad', 'squad', 'false'), (1485, 161, 'Canoness', 'leader', 'false'), (1486, 161, 'Canoness with Jump Pack', 'leader', 'false'), (1487, 161, 'Castigator', 'vehicle', 'false'), (1488, 161, 'Celestian Sacresants', 'squad', 'false'), (1489, 161, 'Daemonifuge', 'character', 'true'), (1490, 161, 'Dialogus', 'leader', 'false'), (1491, 161, 'Dogmata', 'leader', 'false'), (1492, 161, 'Dominion Squad', 'squad', 'false'), (1493, 161, 'Exorcist', 'vehicle', 'false'), (1494, 161, 'Hospitaller', 'leader', 'false'), (1495, 161, 'Imagifier', 'leader', 'false'), (1496, 161, 'Immolator', 'transport', 'false'), (1497, 161, 'Junith Eruita', 'leader', 'true'), (1498, 161, 'Ministorum Priest', 'leader', 'false'), (1499, 161, 'Mortifiers', 'vehicle', 'false'), (1500, 161, 'Morvenn Vahl', 'leader', 'true'), (1501, 161, 'Palatine', 'leader', 'false'), (1502, 161, 'Paragon Warsuits', 'squad', 'false'), (1503, 161, 'Penitent Engines', 'vehicle', 'false'), (1504, 161, 'Repentia Squad', 'squad', 'false'), (1505, 161, 'Retributor Squad', 'squad', 'false'), (1506, 161, 'Saint Celestine', 'leader', 'true'), (1507, 161, 'Seraphim Squad', 'squad', 'false'), (1508, 161, 'Sisters Novitiate Squad', 'squad', 'false'), (1509, 161, 'Sororitas Rhino', 'transport', 'false'), (1510, 161, 'Triumph of Saint Katherine', 'leader', 'true'), (1511, 161, 'Zephyrim Squad', 'squad', 'false'), (1512, 162, 'Aleya', 'leader', 'true'), (1513, 162, 'Allarus Custodians', 'squad', 'false'), (1514, 162, 'Anathema Psykana Rhino', 'transport', 'false'), (1515, 162, 'Blade Champion', 'leader', 'false'), (1516, 162, 'Custodian Guard', 'squad', 'false'), (1517, 162, 'Custodian Wardens', 'squad', 'false'), (1518, 162, 'Knight-Centura', 'leader', 'false'), (1519, 162, 'Prosecutors', 'squad', 'false'), (1520, 162, 'Shield-Captain', 'leader', 'false'), (1521, 162, 'Shield-Captain in Allarus Terminator Armour', 'leader', 'false'), (1522, 162, 'Shield-Captain on Dawneagle Jetbike', 'leader', 'false'), (1523, 162, 'Trajann Valoris', 'leader', 'true'), (1524, 162, 'Valerian', 'leader', 'true'), (1525, 162, 'Venerable Contemptor Dreadnought', 'vehicle', 'false'), (1526, 162, 'Venerable Land Raider', 'vehicle', 'false'), (1527, 162, 'Vertus Praetors', 'squad', 'false'), (1528, 162, 'Vigilators', 'squad', 'false'), (1529, 162, 'Witchseekers', 'squad', 'false'), (1530, 163, 'Archaeopter Fusilave', 'vehicle', 'false'), (1531, 163, 'Archaeopter Stratoraptor', 'vehicle', 'false'), (1532, 163, 'Archaeopter Transvector', 'transport', 'false'), (1533, 163, 'Belisarius Cawl', 'character', 'true'), (1534, 163, 'Corpuscarii Electro-Priests', 'squad', 'false'), (1535, 163, 'Cybernetica Datasmith', 'leader', 'false'), (1536, 163, 'Fulgurite Electro-Priests', 'squad', 'false'), (1537, 163, 'Ironstrider Ballistarii', 'vehicle', 'false'), (1538, 163, 'Kastelan Robots', 'squad', 'false'), (1539, 163, 'Kataphron Breachers', 'squad', 'false'), (1540, 163, 'Kataphron Destroyers', 'squad', 'false'), (1541, 163, 'Onager Dunecrawler', 'vehicle', 'false'), (1542, 163, 'Pteraxii Skystalkers', 'squad', 'false'), (1543, 163, 'Pteraxii Sterylizors', 'squad', 'false'), (1544, 163, 'Serberys Raiders', 'squad', 'false'), (1545, 163, 'Serberys Sulphurhounds', 'squad', 'false'), (1546, 163, 'Sicarian Infiltrators', 'squad', 'false'), (1547, 163, 'Sicarian Ruststalkers', 'squad', 'false'), (1548, 163, 'Skitarii Marshal', 'leader', 'false'), (1549, 163, 'Skitarii Rangers', 'squad', 'false'), (1550, 163, 'Skitarii Vanguard', 'squad', 'false'), (1551, 163, 'Skorpius Disintegrator', 'vehicle', 'false'), (1552, 163, 'Skorpius Dunerider', 'transport', 'false'), (1553, 163, 'Sydonian Dragoons with Radium Jezzails', 'vehicle', 'false'), (1554, 163, 'Sydonian Dragoons with Taser Lances', 'vehicle', 'false'), (1555, 163, 'Sydonian Skatros', 'character', 'false'), (1556, 163, 'Tech-Priest Dominus', 'leader', 'false'), (1557, 163, 'Tech-Priest Enginseer', 'leader', 'false'), (1558, 163, 'Tech-Priest Manipulus', 'leader', 'false'), (1559, 163, 'Technoarcheologist', 'leader', 'false'), (1560, 164, 'Asurmen', 'leader', 'true'), (1561, 164, 'Autarch', 'leader', 'false'), (1563, 164, 'Autarch Wayleaper', 'leader', 'false'), (1564, 164, 'Avatar of Khaine', 'character', 'true'), (1565, 164, 'Baharroth', 'leader', 'true'), (1566, 164, 'Corsair Voidreavers', 'squad', 'false'), (1567, 164, 'Corsair Voidscarred', 'squad', 'false'), (1568, 164, 'Crimson Hunter', 'vehicle', 'false'), (1569, 164, 'Dark Reapers', 'squad', 'false'), (1570, 164, 'Death Jester', 'leader', 'false'), (1571, 164, 'Dire Avengers', 'squad', 'false'), (1572, 164, 'Eldrad Ulthran', 'leader', 'true'), (1573, 164, 'Falcon', 'transport', 'false'), (1574, 164, 'Farseer', 'leader', 'false'), (1575, 164, 'Farseer Skyrunner', 'leader', 'false'), (1576, 164, 'Fire Dragons', 'squad', 'false'), (1577, 164, 'Fire Prism', 'vehicle', 'false'), (1578, 164, 'Fuegan', 'leader', 'true'), (1579, 164, 'Guardian Defenders', 'squad', 'false'), (1580, 164, 'Hemlock Wraithfighter', 'vehicle', 'false'), (1581, 164, 'Howling Banshees', 'squad', 'false'), (1582, 164, 'Lhykhis', 'leader', 'true'), (1583, 164, 'Jain Zar', 'leader', 'true'), (1585, 164, 'Maugan Ra', 'leader', 'true'), (1586, 164, 'Night Spinner', 'vehicle', 'false'), (1588, 164, 'Rangers', 'squad', 'false'), (1589, 164, 'Shadowseer', 'leader', 'false'), (1590, 164, 'Shining Spears', 'squad', 'false'), (1591, 164, 'Shroud Runners', 'squad', 'false'), (1592, 164, 'Skyweavers', 'squad', 'false'), (1593, 164, 'Solitaire', 'character', 'true'), (1594, 164, 'Spiritseer', 'leader', 'false'), (1595, 164, 'Starweaver', 'vehicle', 'false'), (1596, 164, 'Storm Guardians', 'squad', 'false'), (1597, 164, 'Striking Scorpions', 'squad', 'false'), (1599, 164, 'Swooping Hawks', 'squad', 'false'), (1600, 164, 'The Visarch', 'leader', 'true'), (1601, 164, 'The Yncarne', 'character', 'true'), (1602, 164, 'Troupe', 'squad', 'false'), (1603, 164, 'Troupe Master', 'leader', 'false'), (1604, 164, 'Voidweaver', 'vehicle', 'false'), (1605, 164, 'Vyper', 'vehicle', 'false'), (1606, 164, 'War Walker', 'vehicle', 'false'), (1607, 164, 'Warlock', 'leader', 'false'), (1608, 164, 'Warlock Conclave', 'squad', 'false'), (1609, 164, 'Warlock Skyrunners', 'squad', 'false'), (1611, 164, 'Warp Spiders', 'squad', 'false'), (1612, 164, 'Wave Serpent', 'transport', 'false'), (1614, 164, 'Windriders', 'squad', 'false'), (1615, 164, 'Wraithblades', 'squad', 'false'), (1616, 164, 'Wraithguard', 'squad', 'false'), (1617, 164, 'Wraithknight', 'vehicle', 'false'), (1618, 164, 'Wraithlord', 'vehicle', 'false'), (1619, 164, 'Yvraine', 'leader', 'true'), (1620, 165, 'Aegis Defence Line', 'vehicle', 'false'), (1621, 165, 'Armoured Sentinels', 'vehicle', 'false'), (1622, 165, 'Attilan Rough Riders', 'squad', 'false'), (1623, 165, 'Baneblade', 'vehicle', 'false'), (1624, 165, 'Banehammer', 'vehicle', 'false'), (1625, 165, 'Banesword', 'vehicle', 'false'), (1626, 165, 'Basilisk', 'vehicle', 'false'), (1627, 165, 'Bullgryn Squad', 'squad', 'false'), (1628, 165, 'Cadian Castellan', 'leader', 'false'), (1629, 165, 'Cadian Command Squad', 'leader', 'false'), (1630, 165, 'Cadian Shock Troops', 'squad', 'false'), (1631, 165, 'Catachan Jungle Fighters', 'squad', 'false'), (1632, 165, 'Chimera', 'transport', 'false'), (1633, 165, 'Commissar', 'leader', 'false'), (1634, 165, 'Death Korps of Krieg', 'squad', 'false'), (1635, 165, 'Deathstrike', 'vehicle', 'false'), (1636, 165, 'Doomhammer', 'vehicle', 'false'), (1637, 165, 'Field Ordnance Battery', 'squad', 'false'), (1638, 165, 'Gaunt’s Ghosts', 'character', 'true'), (1639, 165, 'Cadian Heavy Weapons Squad', 'squad', 'false'), (1640, 165, 'Hellhammer', 'vehicle', 'false'), (1641, 165, 'Hellhound', 'vehicle', 'false'), (1642, 165, 'Hydra', 'vehicle', 'false'), (1643, 165, 'Death Riders', 'squad', 'false'), (1644, 165, 'Artillery Team', 'squad', 'false'), (1645, 165, 'Kasrkin', 'squad', 'false'), (1646, 165, 'Leman Russ Battle Tank', 'vehicle', 'false'), (1647, 165, 'Leman Russ Demolisher', 'vehicle', 'false'), (1648, 165, 'Leman Russ Eradicator', 'vehicle', 'false'), (1649, 165, 'Leman Russ Executioner', 'vehicle', 'false'), (1650, 165, 'Leman Russ Exterminator', 'vehicle', 'false'), (1651, 165, 'Leman Russ Punisher', 'vehicle', 'false'), (1652, 165, 'Leman Russ Vanquisher', 'vehicle', 'false'), (1653, 165, 'Lord Solar Leontus', 'leader', 'true'), (1654, 165, 'Manticore', 'vehicle', 'false'), (1655, 165, 'Militarum Tempestus Command Squad', 'leader', 'false'), (1656, 165, 'Catachan Command Squad', 'leader', 'false'), (1657, 165, 'Nork Deddog', 'character', 'true'), (1658, 165, 'Ogryn Bodyguard', 'squad', 'false'), (1659, 165, 'Ogryn Squad', 'squad', 'false'), (1660, 165, 'Platoon Command Squad', 'leader', 'false'), (1661, 165, 'Primaris Psyker', 'leader', 'false'), (1662, 165, 'Ratlings', 'squad', 'false'), (1663, 165, 'Catachan Heavy Weapons Squad', 'squad', 'false'), (1664, 165, 'Krieg Combat Engineers', 'squad', 'false'), (1665, 165, 'Krieg Command Squad', 'leader', 'false'), (1666, 165, 'Rogal Dorn Battle Tank', 'vehicle', 'false'), (1667, 165, 'Scout Sentinels', 'vehicle', 'false'), (1668, 165, 'Krieg Heavy Weapons Squad', 'squad', 'false'), (1669, 165, 'Shadowsword', 'vehicle', 'false'), (1670, 165, 'Sly Marbo', 'character', 'true'), (1671, 165, 'Stormlord', 'vehicle', 'false'), (1672, 165, 'Stormsword', 'vehicle', 'false'), (1673, 165, 'Leman Russ Commander', 'character', 'false'), (1674, 165, 'Taurox', 'transport', 'false'), (1675, 165, 'Taurox Prime', 'transport', 'false'), (1676, 165, 'Tempestus Aquilons', 'squad', 'false'), (1677, 165, 'Tempestus Scions', 'squad', 'false'), (1678, 165, 'Ursula Creed', 'leader', 'true'), (1679, 165, 'Valkyrie', 'vehicle', 'false'), (1680, 165, 'Wyvern', 'vehicle', 'false'), (1681, 166, 'Black Templars Gladiator Lancer', 'vehicle', 'false'), (1682, 166, 'Black Templars Gladiator Reaper', 'vehicle', 'false'), (1683, 166, 'Black Templars Gladiator Valiant', 'vehicle', 'false'), (1684, 166, 'Black Templars Impulsor', 'transport', 'false'), (1685, 166, 'Black Templars Repulsor', 'vehicle', 'false'), (1686, 166, 'Black Templars Repulsor Executioner', 'vehicle', 'false'), (1687, 166, 'Castellan', 'leader', 'false'), (1688, 166, 'Chaplain Grimaldus', 'leader', 'true'), (1689, 166, 'Crusader Squad', 'squad', 'false'), (1690, 166, 'High Marshal Helbrecht', 'leader', 'true'), (1691, 166, 'Marshal', 'leader', 'false'), (1692, 166, 'Primaris Crusader Squad', 'squad', 'false'), (1693, 166, 'Primaris Sword Brethren', 'squad', 'false'), (1694, 166, 'The Emperor’s Champion', 'leader', 'true'), (1695, 167, 'Astorath', 'leader', 'true'), (1696, 167, 'Baal Predator', 'vehicle', 'false'), (1697, 167, 'Blood Angels Captain', 'leader', 'false'), (1698, 167, 'Chief Librarian Mephiston', 'character', 'true'), (1699, 167, 'Commander Dante', 'leader', 'true'), (1700, 167, 'Death Company Captain', 'leader', 'false'), (1701, 167, 'Death Company Captain with Jump Pack', 'leader', 'false'), (1702, 167, 'Death Company Dreadnought', 'vehicle', 'false'), (1703, 167, 'Death Company Marines', 'squad', 'false'), (1704, 167, 'Death Company Marines with Bolt Rifles', 'squad', 'false'), (1705, 167, 'Death Company Marines with Jump Packs', 'squad', 'false'), (1706, 167, 'Lemartes', 'leader', 'true'), (1707, 167, 'Sanguinary Guard', 'squad', 'false'), (1708, 167, 'Sanguinary Priest', 'squad', 'false'), (1709, 167, 'The Sanguinor', 'character', 'true'), (1710, 168, 'Beasts of Nurgle', 'squad', 'false'), (1711, 168, 'Be’lakor', 'character', 'true'), (1712, 168, 'Bloodcrushers', 'squad', 'false'), (1713, 168, 'Bloodletters', 'squad', 'false'), (1714, 168, 'Bloodmaster', 'leader', 'false'), (1715, 168, 'Bloodthirster', 'character', 'false'), (1716, 168, 'Blue Horrors', 'squad', 'false'), (1717, 168, 'Burning Chariot', 'squad', 'false'), (1718, 168, 'Changecaster', 'character', 'false'), (1719, 168, 'Contorted Epitome', 'leader', 'false'), (1720, 168, 'Daemon Prince of Chaos', 'character', 'false'), (1721, 168, 'Daemon Prince of Chaos with Wings', 'character', 'false'), (1722, 168, 'Daemonettes', 'squad', 'false'), (1723, 168, 'Epidemius', 'leader', 'true'), (1724, 168, 'Exalted Flamer', 'leader', 'false'), (1725, 168, 'Exalted Seeker Chariot', 'vehicle', 'false'), (1726, 168, 'Fateskimmer', 'leader', 'false'), (1727, 168, 'Feculent Gnarlmaw', 'vehicle', 'false'), (1728, 168, 'Fiends', 'squad', 'false'), (1729, 168, 'Flamers', 'squad', 'false'), (1730, 168, 'Flesh Hounds', 'squad', 'false'), (1731, 168, 'Fluxmaster', 'leader', 'false'), (1732, 168, 'Great Unclean One', 'character', 'false'), (1733, 168, 'Hellflayer', 'squad', 'false'), (1734, 168, 'Horticulous Slimux', 'leader', 'true'), (1735, 168, 'Infernal Enrapturess', 'leader', 'false'), (1736, 168, 'Kairos Fateweaver', 'character', 'true'), (1737, 168, 'Karanak', 'leader', 'true'), (1738, 168, 'Keeper of Secrets', 'character', 'false'), (1739, 168, 'Lord of Change', 'character', 'false'), (1740, 168, 'Nurglings', 'squad', 'false'), (1741, 168, 'Pink Horrors', 'squad', 'false'), (1742, 168, 'Plague Drones', 'vehicle', 'false'), (1743, 168, 'Plaguebearers', 'squad', 'false'), (1744, 168, 'Poxbringer', 'squad', 'false'), (1745, 168, 'Rendmaster on Blood Throne', 'character', 'false'), (1746, 168, 'Rotigus', 'character', 'true'), (1747, 168, 'Screamers', 'squad', 'false'), (1748, 168, 'Seeker Chariot', 'squad', 'false'), (1749, 168, 'Seekers', 'squad', 'false'), (1750, 168, 'Shalaxi Helbane', 'character', 'true'), (1751, 168, 'Skarbrand', 'character', 'true'), (1752, 168, 'Skull Altar', 'vehicle', 'false'), (1753, 168, 'Skull Cannon', 'vehicle', 'false'), (1754, 168, 'Skullmaster', 'leader', 'false'), (1755, 168, 'Skulltaker', 'leader', 'false'), (1756, 168, 'Sloppity Bilepiper', 'leader', 'false'), (1757, 168, 'Soul Grinder', 'vehicle', 'false'), (1758, 168, 'Spoilpox Scrivener', 'leader', 'false'), (1759, 168, 'Syll’esske', 'leader', 'true'), (1760, 168, 'The Blue Scribes', 'character', 'false'), (1761, 168, 'The Changeling', 'character', 'true'), (1762, 168, 'The Masque of Slaanesh', 'character', 'false'), (1763, 168, 'Tormentbringer on Exalted Seeker Chariot', 'character', 'false'), (1764, 168, 'Tranceweaver', 'leader', 'false'), (1765, 169, 'Knight Abominant', 'leader', 'false'), (1766, 169, 'Knight Desecrator', 'leader', 'false'), (1767, 169, 'Knight Despoiler', 'leader', 'false'), (1768, 169, 'Knight Rampager', 'leader', 'false'), (1769, 169, 'Knight Tyrant', 'leader', 'false'), (1770, 169, 'War Dog Brigand', 'leader', 'false'), (1771, 169, 'War Dog Executioner', 'leader', 'false'), (1772, 169, 'War Dog Huntsman', 'leader', 'false'), (1773, 169, 'War Dog Karnivore', 'leader', 'false'), (1774, 169, 'War Dog Stalker', 'leader', 'false'), (1775, 170, 'Abaddon the Despoiler', 'leader', 'true'), (1776, 170, 'Accursed Cultists', 'squad', 'false'), (1777, 170, 'Chaos Bikers', 'squad', 'false'), (1778, 170, 'Chaos Land Raider', 'transport', 'false'), (1779, 170, 'Chaos Lord', 'leader', 'false'), (1780, 170, 'Chaos Lord in Terminator Armour', 'leader', 'false'), (1781, 170, 'Chaos Lord with Jump Pack', 'leader', 'false'), (1782, 170, 'Chaos Predator Annihilator', 'vehicle', 'false'), (1783, 170, 'Chaos Predator Destructor', 'vehicle', 'false'), (1784, 170, 'Chaos Rhino', 'transport', 'false'), (1785, 170, 'Chaos Spawn', 'squad', 'false'), (1786, 170, 'Chaos Terminator Squad', 'squad', 'false'), (1787, 170, 'Chaos Vindicator', 'vehicle', 'false'), (1788, 170, 'Chosen', 'squad', 'false'), (1789, 170, 'Cultist Firebrand', 'squad', 'false'), (1790, 170, 'Cultist Mob', 'squad', 'false'), (1791, 170, 'Cypher', 'leader', 'true'), (1792, 170, 'Dark Apostle', 'leader', 'false'), (1793, 170, 'Dark Commune', 'leader', 'false'), (1794, 170, 'Defiler', 'vehicle', 'false'), (1795, 170, 'Fabius Bile', 'leader', 'true'), (1796, 170, 'Fellgor Beastmen', 'squad', 'false'), (1797, 170, 'Forgefiend', 'vehicle', 'false'), (1798, 170, 'Haarken Worldclaimer', 'leader', 'true'), (1799, 170, 'Havocs', 'squad', 'false'), (1800, 170, 'Helbrute', 'vehicle', 'false'), (1801, 170, 'Heldrake', 'vehicle', 'false'), (1802, 170, 'Heretic Astartes Daemon Prince', 'character', 'false'), (1804, 170, 'Huron Blackheart', 'leader', 'true'), (1805, 170, 'Khorne Lord of Skulls', 'vehicle', 'false'), (1806, 170, 'Legionaries', 'squad', 'false'), (1807, 170, 'Lord Discordant on Helstalker', 'character', 'true'), (1808, 170, 'Master of Executions', 'leader', 'false'), (1809, 170, 'Master of Possession', 'leader', 'false'), (1810, 170, 'Maulerfiend', 'vehicle', 'false'), (1811, 170, 'Noctilith Crown', 'vehicle', 'false'), (1812, 170, 'Obliterators', 'squad', 'false'), (1813, 170, 'Possessed', 'squad', 'false'), (1814, 170, 'Raptors', 'squad', 'false'), (1815, 170, 'Sorcerer', 'leader', 'false'), (1816, 170, 'Sorcerer in Terminator Armour', 'leader', 'false'), (1817, 170, 'Traitor Enforcer', 'leader', 'false'), (1818, 170, 'Traitor Guardsmen Squad', 'squad', 'false'), (1819, 170, 'Vashtorr the Arkifane', 'character', 'true'), (1820, 170, 'Venomcrawler', 'vehicle', 'false'), (1821, 170, 'Warp Talons', 'squad', 'false'), (1822, 170, 'Warpsmith', 'leader', 'false'), (1823, 171, 'Lucius the Eternal', 'leader', 'true'), (1824, 171, 'Noise Marines', 'squad', 'false'), (1825, 172, 'Asmodai', 'leader', 'true'), (1826, 172, 'Azrael', 'leader', 'true'), (1827, 172, 'Belial', 'leader', 'true'), (1828, 172, 'Deathwing Knights', 'squad', 'false'), (1829, 172, 'Deathwing Terminator Squad', 'squad', 'false'), (1830, 172, 'Ezekiel', 'leader', 'true'), (1831, 172, 'Inner Circle Companions', 'squad', 'false'), (1832, 172, 'Land Speeder Vengeance', 'vehicle', 'false'), (1833, 172, 'Lazarus', 'leader', 'true'), (1834, 172, 'Lion El’Jonson', 'character', 'true'), (1835, 172, 'Nephilim Jetfighter', 'vehicle', 'false'), (1836, 172, 'Ravenwing Black Knights', 'squad', 'false'), (1837, 172, 'Ravenwing Command Squad', 'squad', 'false'), (1838, 172, 'Ravenwing Dark Talon', 'vehicle', 'false'), (1839, 172, 'Ravenwing Darkshroud', 'vehicle', 'false'), (1840, 172, 'Sammael', 'character', 'true'), (1841, 173, 'Biologus Putrifier', 'leader', 'false'), (1842, 173, 'Blightlord Terminators', 'leader', 'false'), (1843, 173, 'Death Guard Chaos Lord', 'leader', 'false'), (1844, 173, 'Death Guard Chaos Lord in Terminator Armour', 'leader', 'false'), (1845, 173, 'Death Guard Chaos Spawn', 'squad', 'false'), (1846, 173, 'Death Guard Cultists', 'squad', 'false'), (1847, 173, 'Death Guard Daemon Prince', 'character', 'false'), (1848, 173, 'Death Guard Daemon Prince with Wings', 'character', 'false'), (1849, 173, 'Death Guard Defiler', 'vehicle', 'false'), (1850, 173, 'Death Guard Helbrute', 'vehicle', 'false'), (1851, 173, 'Death Guard Icon Bearer', 'leader', 'false'), (1852, 173, 'Death Guard Land Raider', 'transport', 'false'), (1853, 173, 'Death Guard Predator Annihilator', 'vehicle', 'false'), (1854, 173, 'Death Guard Predator Destructor', 'vehicle', 'false'), (1855, 173, 'Death Guard Rhino', 'transport', 'false'), (1856, 173, 'Death Guard Sorcerer in Terminator Armour', 'leader', 'false'), (1857, 173, 'Deathshroud Terminators', 'squad', 'false'), (1858, 173, 'Foetid Bloat-drone', 'vehicle', 'false'), (1859, 173, 'Foul Blightspawn', 'leader', 'false'), (1860, 173, 'Lord of Contagion', 'leader', 'false'), (1861, 173, 'Lord of Virulence', 'leader', 'false'), (1862, 173, 'Malignant Plaguecaster', 'leader', 'false'), (1863, 173, 'Miasmic Malignifier', 'vehicle', 'false'), (1864, 173, 'Mortarion', 'character', 'true'), (1865, 173, 'Myphitic Blight-haulers', 'vehicle', 'false'), (1866, 173, 'Noxious Blightbringer', 'leader', 'true'), (1867, 173, 'Plague Marines', 'squad', 'false'), (1868, 173, 'Plague Surgeon', 'leader', 'false'), (1869, 173, 'Plagueburst Crawler', 'vehicle', 'false'), (1870, 173, 'Poxwalkers', 'squad', 'false'), (1871, 173, 'Tallyman', 'leader', 'false'), (1872, 173, 'Typhus', 'leader', 'true'), (1873, 174, 'Archon', 'leader', 'false'), (1874, 174, 'Beastmaster', 'leader', 'false'), (1875, 174, 'Court of the Archon', 'squad', 'false'), (1876, 174, 'Cronos', 'vehicle', 'false'), (1877, 174, 'Drazhar', 'leader', 'true'), (1878, 174, 'Grotesques', 'squad', 'false'), (1879, 174, 'Haemonculus', 'leader', 'false'), (1880, 174, 'Hellions', 'squad', 'false'), (1881, 174, 'Incubi', 'squad', 'false'), (1882, 174, 'Kabalite Warriors', 'squad', 'false'), (1883, 174, 'Lelith Hesperax', 'leader', 'true'), (1884, 174, 'Mandrakes', 'squad', 'false'), (1885, 174, 'Raider', 'transport', 'false'), (1886, 174, 'Ravager', 'vehicle', 'false'), (1887, 174, 'Razorwing Jetfighter', 'vehicle', 'false'), (1888, 174, 'Reavers', 'squad', 'false'), (1889, 174, 'Scourges', 'squad', 'false'), (1890, 174, 'Succubus', 'leader', 'false'), (1891, 174, 'Talos', 'vehicle', 'false'), (1892, 174, 'Urien Rakarth', 'leader', 'true'), (1893, 174, 'Venom', 'vehicle', 'false'), (1894, 174, 'Voidraven Bomber', 'vehicle', 'false'), (1895, 174, 'Wracks', 'squad', 'false'), (1896, 174, 'Wyches', 'squad', 'false'), (1897, 175, 'Aberrants', 'squad', 'false'), (1898, 175, 'Abominant', 'leader', 'false'), (1899, 175, 'Achilles Ridgerunners', 'vehicle', 'false'), (1900, 175, 'Acolyte Hybrids with Autopistols', 'squad', 'false'), (1901, 175, 'Acolyte Hybrids with Hand Flamers', 'squad', 'false'), (1902, 175, 'Acolyte Iconward', 'squad', 'false'), (1903, 175, 'Atalan Jackals', 'squad', 'false'), (1904, 175, 'Benefictus', 'leader', 'false'), (1905, 175, 'Biophagus', 'leader', 'false'), (1906, 175, 'Clamavus', 'leader', 'false'), (1907, 175, 'Goliath Rockgrinder', 'transport', 'false'), (1908, 175, 'Goliath Truck', 'transport', 'false'), (1909, 175, 'Hybrid Metamorphs', 'squad', 'false'), (1910, 175, 'Jackal Alphus', 'leader', 'false'), (1911, 175, 'Kelermorph', 'character', 'false'), (1912, 175, 'Locus', 'leader', 'false'), (1913, 175, 'Magus', 'leader', 'false'), (1914, 175, 'Neophyte Hybrids', 'squad', 'false'), (1915, 175, 'Nexos', 'leader', 'false'), (1916, 175, 'Patriarch', 'leader', 'true'), (1917, 175, 'Primus', 'leader', 'false'), (1918, 175, 'Purestrain Genestealers', 'squad', 'false'), (1919, 175, 'Reductus Saboteur', 'character', 'false'), (1920, 175, 'Sanctus', 'leader', 'false'), (1921, 176, 'Brother-Captain', 'leader', 'false'), (1922, 176, 'Brother-Captain Stern', 'leader', 'false'), (1923, 176, 'Brotherhood Champion', 'leader', 'false'), (1924, 176, 'Brotherhood Chaplain', 'leader', 'false'), (1925, 176, 'Brotherhood Librarian', 'leader', 'false'), (1926, 176, 'Brotherhood Techmarine', 'leader', 'false'), (1927, 176, 'Brotherhood Terminator Squad', 'squad', 'false'), (1928, 176, 'Castellan Crowe', 'leader', 'true'), (1929, 176, 'Grand Master', 'leader', 'false'), (1930, 176, 'Grand Master in Nemesis Dreadknight', 'character', 'false'), (1931, 176, 'Grand Master Voldus', 'leader', 'true'), (1932, 176, 'Grey Knights Land Raider', 'transport', 'false'), (1933, 176, 'Grey Knights Land Raider Crusader', 'transport', 'false'), (1934, 176, 'Grey Knights Land Raider Redeemer', 'transport', 'false'), (1935, 176, 'Grey Knights Razorback', 'transport', 'false'), (1936, 176, 'Grey Knights Rhino', 'transport', 'false'), (1937, 176, 'Grey Knights Stormhawk Interceptor', 'vehicle', 'false'), (1938, 176, 'Grey Knights Stormraven Gunship', 'transport', 'false'), (1939, 176, 'Grey Knights Stormtalon Gunship', 'vehicle', 'false'), (1940, 176, 'Grey Knights Venerable Dreadnought', 'vehicle', 'false'), (1941, 176, 'Interceptor Squad', 'squad', 'false'), (1942, 176, 'Kaldor Draigo', 'leader', 'true'), (1943, 176, 'Nemesis Dreadknight', 'vehicle', 'false'), (1944, 176, 'Paladin Squad', 'squad', 'false'), (1945, 176, 'Purgation Squad', 'squad', 'false'), (1946, 176, 'Purifier Squad', 'squad', 'false'), (1947, 176, 'Servitors', 'squad', 'false'), (1948, 176, 'Strike Squad', 'squad', 'false'), (1949, 177, 'Callidus Assassin', 'character', 'true'), (1950, 177, 'Corvus Blackstar', 'transport', 'false'), (1951, 177, 'Culexus Assassin', 'character', 'true'), (1952, 177, 'Deathwatch Kill Team', 'squad', 'false'), (1953, 177, 'Eversor Assassin', 'character', 'true'), (1954, 177, 'Exaction Squad', 'squad', 'false'), (1955, 177, 'Grey Knights Terminator Squad', 'squad', 'false'), (1956, 177, 'Imperial Navy Breachers', 'squad', 'false'), (1957, 177, 'Imperial Rhino', 'transport', 'false'), (1958, 177, 'Inquisitor', 'leader', 'false'), (1959, 177, 'Inquisitor Coteaz', 'leader', 'true'), (1960, 177, 'Inquisitor Draxus', 'leader', 'true'), (1961, 177, 'Inquisitor Greyfax', 'leader', 'true'), (1962, 177, 'Inquisitorial Agents', 'squad', 'false'), (1963, 177, 'Inquisitorial Chimera', 'transport', 'false'), (1964, 177, 'Ministorum Priest', 'leader', 'false'), (1965, 177, 'Navigator', 'leader', 'false'), (1966, 177, 'Rogue Trader Entourage', 'squad', 'false'), (1967, 177, 'Sisters of Battle Immolator', 'transport', 'false'), (1968, 177, 'Sisters of Battle Squad', 'squad', 'false'), (1969, 177, 'Subductor Squad', 'squad', 'false'), (1970, 177, 'Vigilant Squad', 'squad', 'false'), (1971, 177, 'Vindicare Assassin', 'character', 'false'), (1972, 177, 'Voidsmen-at-Arms', 'squad', 'false'), (1973, 177, 'Watch Captain Artemis', 'leader', 'true'), (1974, 177, 'Watch Master', 'leader', 'false'), (1975, 178, 'Armiger Helverin', 'leader', 'false'), (1976, 178, 'Armiger Warglaive', 'leader', 'false'), (1977, 178, 'Canis Rex', 'leader', 'true'), (1978, 178, 'Knight Castellan', 'leader', 'false'), (1979, 178, 'Knight Crusader', 'leader', 'false'), (1980, 178, 'Knight Errant', 'leader', 'false'), (1981, 178, 'Knight Gallant', 'leader', 'false'), (1982, 178, 'Knight Paladin', 'leader', 'false'), (1983, 178, 'Knight Preceptor', 'leader', 'false'), (1984, 178, 'Knight Valiant', 'leader', 'false'), (1985, 178, 'Knight Warden', 'leader', 'false'), (1986, 179, 'Brôkhyr Iron-master', 'leader', 'false'), (1987, 179, 'Brôkhyr Thunderkyn', 'leader', 'false'), (1988, 179, 'Cthonian Beserks', 'squad', 'false'), (1989, 179, 'Einhyr Champion', 'leader', 'false'), (1990, 179, 'Einhyr Hearthguard', 'squad', 'false'), (1991, 179, 'Grimnyr', 'leader', 'false'), (1992, 179, 'Hearthkyn Warriors', 'squad', 'false'), (1993, 179, 'Hekaton Land Fortress', 'vehicle', 'false'), (1994, 179, 'Hernkyn Pioneers', 'squad', 'false'), (1995, 179, 'Hernkyn Yaegirs', 'squad', 'false'), (1996, 179, 'Kâhl', 'leader', 'false'), (1997, 179, 'Sagitaur', 'transport', 'false'), (1998, 179, 'Ûthar the Destined', 'leader', 'true'), (1999, 180, 'Annihilation Barge', 'vehicle', 'false'), (2000, 180, 'C’tan Shard of the Deceiver', 'character', 'true'), (2001, 180, 'C’tan Shard of the Nightbringer', 'character', 'true'), (2002, 180, 'C’tan Shard of the Void Dragon', 'character', 'true'), (2003, 180, 'Canoptek Doomstalker', 'vehicle', 'false'), (2004, 180, 'Canoptek Reanimator', 'vehicle', 'false'), (2005, 180, 'Canoptek Scarab Swarms', 'squad', 'false'), (2006, 180, 'Canoptek Spyders', 'squad', 'false'), (2007, 180, 'Canoptek Wraiths', 'squad', 'false'), (2008, 180, 'Catacomb Command Barge', 'character', 'false'), (2009, 180, 'Chronomancer', 'leader', 'false'), (2010, 180, 'Convergence of Dominion', 'vehicle', 'false'), (2011, 180, 'Cryptothralls', 'squad', 'false'), (2012, 180, 'Deathmarks', 'squad', 'false'), (2013, 180, 'Doom Scythe', 'vehicle', 'false'), (2014, 180, 'Doomsday Ark', 'vehicle', 'false'), (2015, 180, 'Flayed Ones', 'squad', 'false'), (2016, 180, 'Ghost Ark', 'transport', 'false'), (2017, 180, 'Hexmark Destroyer', 'squad', 'false'), (2018, 180, 'Illuminor Szeras', 'character', 'true'), (2019, 180, 'Immortals', 'squad', 'false'), (2020, 180, 'Imotekh the Stormlord', 'leader', 'true'), (2021, 180, 'Lokhust Destroyers', 'squad', 'false'), (2022, 180, 'Lokhust Heavy Destroyers', 'squad', 'false'), (2023, 180, 'Lokhust Lord', 'leader', 'false'), (2024, 180, 'Lychguard', 'squad', 'false'), (2025, 180, 'Monolith', 'vehicle', 'false'), (2026, 180, 'Necron Warriors', 'squad', 'false'), (2027, 180, 'Night Scythe', 'transport', 'false'), (2028, 180, 'Obelisk', 'vehicle', 'false'), (2029, 180, 'Ophydian Destroyers', 'squad', 'false'), (2030, 180, 'Orikan the Diviner', 'leader', 'true'), (2031, 180, 'Overlord', 'leader', 'false'), (2032, 180, 'Overlord with Translocation Shroud', 'leader', 'false'), (2033, 180, 'Plasmancer', 'leader', 'false'), (2034, 180, 'Psychomancer', 'leader', 'false'), (2035, 180, 'Royal Warden', 'squad', 'false'), (2036, 180, 'Skorpekh Destroyers', 'squad', 'false'), (2037, 180, 'Skorpekh Lord', 'leader', 'false'), (2038, 180, 'Technomancer', 'leader', 'false'), (2039, 180, 'Tesseract Vault', 'vehicle', 'false'), (2040, 180, 'The Silent King', 'character', 'true'), (2041, 180, 'Tomb Blades', 'squad', 'false'), (2042, 180, 'Transcendent C’tan', 'character', 'true'), (2043, 180, 'Trazyn the Infinite', 'leader', 'true'), (2044, 180, 'Triarch Praetorians', 'squad', 'false'), (2045, 180, 'Triarch Stalker', 'squad', 'false'), (2046, 181, 'Battlewagon', 'transport', 'false'), (2047, 181, 'Beast Snagga Boyz', 'squad', 'false'), (2048, 181, 'Beastboss', 'leader', 'false'), (2049, 181, 'Beastboss on Squigosaur', 'leader', 'false'), (2050, 181, 'Big Mek', 'leader', 'false'), (2051, 181, 'Big Mek in Mega Armour', 'leader', 'false'), (2052, 181, 'Big Mek with Shokk Attack Gun', 'leader', 'false'), (2053, 181, 'Big’ed Bossbunka', 'vehicle', 'false'), (2054, 181, 'Blitza-bommer', 'vehicle', 'false'), (2055, 181, 'Boomdakka Snazzwagon', 'vehicle', 'false'), (2056, 181, 'Boss Snikrot', 'leader', 'true'), (2057, 181, 'Boyz', 'squad', 'false'), (2058, 181, 'Burna Boyz', 'squad', 'false'), (2059, 181, 'Burna-bommer', 'vehicle', 'false'), (2060, 181, 'Dakkajet', 'vehicle', 'false'), (2061, 181, 'Deff Dread', 'vehicle', 'false'), (2062, 181, 'Deffkilla Wartrike', 'vehicle', 'false'), (2063, 181, 'Deffkoptas', 'vehicle', 'false'), (2064, 181, 'Flash Gitz', 'squad', 'false'), (2065, 181, 'Ghazghkull Thraka', 'leader', 'true'), (2066, 181, 'Gorkanaut', 'transport', 'false'), (2067, 181, 'Gretchin', 'squad', 'false'), (2068, 181, 'Hunta Rig', 'transport', 'false'), (2069, 181, 'Kill Rig', 'transport', 'false'), (2070, 181, 'Killa Kans', 'vehicle', 'false'), (2071, 181, 'Kommandos', 'squad', 'false'), (2072, 181, 'Kustom Boosta-blasta', 'squad', 'false'), (2073, 181, 'Lootas', 'squad', 'false'), (2074, 181, 'Meganobz', 'squad', 'false'), (2075, 181, 'Megatrakk Scrapjet', 'vehicle', 'false'), (2076, 181, 'Mek Gunz', 'vehicle', 'false'), (2077, 181, 'Morkanaut', 'transport', 'false'), (2078, 181, 'Mozrog Skragbad', 'leader', 'true'), (2079, 181, 'Nobz', 'squad', 'false'), (2080, 181, 'Painboss', 'leader', 'false'), (2081, 181, 'Painboy', 'leader', 'false'), (2082, 181, 'Rukkatrukk Squigbuggy', 'vehicle', 'false'), (2083, 181, 'Shokkjump Dragsta', 'vehicle', 'false'), (2084, 181, 'Squighog Boyz', 'squad', 'false'), (2085, 181, 'Stompa', 'vehicle', 'false'), (2086, 181, 'Stormboyz', 'squad', 'false'), (2087, 181, 'Tankbustas', 'squad', 'false'), (2088, 181, 'Trukk', 'transport', 'false'), (2089, 181, 'Warbikers', 'squad', 'false'), (2090, 181, 'Warboss', 'leader', 'false'), (2091, 181, 'Warboss in Mega Armour', 'leader', 'false'), (2092, 181, 'Wazbom Blastajet', 'vehicle', 'false'), (2093, 181, 'Weirdboy', 'leader', 'false'), (2094, 181, 'Wurrboy', 'leader', 'false'), (2095, 181, 'Zodgrod Wortsnagga', 'leader', 'true'), (2096, 182, 'Adrax Agatone', 'leader', 'true'), (2097, 182, 'Aggressor Squad', 'squad', 'false'), (2098, 182, 'Ancient', 'leader', 'false'), (2099, 182, 'Ancient in Terminator Armour', 'leader', 'false'), (2100, 182, 'Apothecary', 'leader', 'false'), (2101, 182, 'Apothecary Biologis', 'leader', 'false'), (2102, 182, 'Assault Intercessor Squad', 'squad', 'false'), (2103, 182, 'Assault Intercessors with Jump Packs', 'squad', 'false'), (2104, 182, 'Ballistus Dreadnought', 'vehicle', 'false'), (2105, 182, 'Bladeguard Ancient', 'leader', 'false'), (2106, 182, 'Bladeguard Veteran Squad', 'squad', 'false'), (2107, 182, 'Brutalis Dreadnought', 'vehicle', 'false'), (2108, 182, 'Captain', 'leader', 'false'), (2109, 182, 'Captain in Gravis Armour', 'leader', 'false'), (2110, 182, 'Captain in Phobos Armour', 'leader', 'false'), (2111, 182, 'Captain in Terminator Armour', 'leader', 'false'), (2112, 182, 'Captain Sicarius', 'leader', 'true'), (2113, 182, 'Captain with Jump Pack', 'leader', 'false'), (2114, 182, 'Centurion Assault Squad', 'leader', 'false'), (2115, 182, 'Centurion Devastator Squad', 'squad', 'false'), (2116, 182, 'Chaplain', 'leader', 'false'), (2117, 182, 'Chaplain in Terminator Armour', 'leader', 'false'), (2118, 182, 'Chaplain on Bike', 'leader', 'false'), (2119, 182, 'Chaplain with Jump Pack', 'leader', 'false'), (2120, 182, 'Chief Librarian Tigurius', 'leader', 'false'), (2121, 182, 'Company Heroes', 'squad', 'false'), (2122, 182, 'Darnath Lysander', 'leader', 'true'), (2123, 182, 'Desolation Squad', 'squad', 'false'), (2124, 182, 'Devastator Squad', 'squad', 'false'), (2125, 182, 'Dreadnought', 'vehicle', 'false'), (2126, 182, 'Drop Pod', 'transport', 'false'), (2127, 182, 'Eliminator Squad', 'squad', 'false'), (2128, 182, 'Eradicator Squad', 'squad', 'false'), (2129, 182, 'Firestrike Servo-turrets', 'vehicle', 'false'), (2130, 182, 'Gladiator Lancer', 'vehicle', 'false'), (2131, 182, 'Gladiator Reaper', 'vehicle', 'false'), (2132, 182, 'Gladiator Valiant', 'vehicle', 'false'), (2133, 182, 'Hammerfall Bunker', 'vehicle', 'false'), (2134, 182, 'Heavy Intercessor Squad', 'squad', 'false'), (2135, 182, 'Hellblaster Squad', 'squad', 'false'), (2136, 182, 'Impulsor', 'transport', 'false'), (2137, 182, 'Inceptor Squad', 'squad', 'false'), (2138, 182, 'Incursor Squad', 'squad', 'false'), (2139, 182, 'Infernus Squad', 'squad', 'false'), (2140, 182, 'Infiltrator Squad', 'squad', 'false'), (2141, 182, 'Intercessor Squad', 'squad', 'false'), (2142, 182, 'Invader ATV', 'vehicle', 'false'), (2143, 182, 'Invictor Tactical Warsuit', 'vehicle', 'false'), (2144, 182, 'Iron Father Feirros', 'leader', 'true'), (2145, 182, 'Judiciar', 'leader', 'false'), (2146, 182, 'Kayvaan Shrike', 'leader', 'true'), (2147, 182, 'Kor’sarro Khan', 'leader', 'true'), (2148, 182, 'Land Raider', 'transport', 'false'), (2149, 182, 'Land Raider Crusader', 'transport', 'false'), (2150, 182, 'Land Raider Redeemer', 'transport', 'false'), (2151, 182, 'Librarian', 'leader', 'false'), (2152, 182, 'Librarian in Phobos Armour', 'leader', 'false'), (2153, 182, 'Librarian in Terminator Armour', 'leader', 'false'), (2154, 182, 'Lieutenant', 'leader', 'false'), (2155, 182, 'Lieutenant in Phobos Armour', 'leader', 'false'), (2156, 182, 'Lieutenant in Reiver Armour', 'leader', 'false'), (2157, 182, 'Lieutenant with Combi-weapon', 'leader', 'false'), (2158, 182, 'Marneus Calgar', 'leader', 'true'), (2159, 182, 'Outrider Squad', 'squad', 'false'), (2160, 182, 'Pedro Kantor', 'leader', 'true'), (2161, 182, 'Predator Annihilator', 'vehicle', 'false'), (2162, 182, 'Predator Destructor', 'vehicle', 'false'), (2163, 182, 'Razorback', 'transport', 'false'), (2164, 182, 'Redemptor Dreadnought', 'vehicle', 'false'), (2165, 182, 'Reiver Squad', 'squad', 'false'), (2166, 182, 'Repulsor', 'vehicle', 'false'), (2167, 182, 'Repulsor Executioner', 'vehicle', 'false'), (2168, 182, 'Rhino', 'transport', 'false'), (2169, 182, 'Roboute Guilliman', 'character', 'true'), (2170, 182, 'Scout Squad', 'squad', 'false'), (2171, 182, 'Sternguard Veteran Squad', 'squad', 'false'), (2172, 182, 'Storm Speeder Hailstrike', 'vehicle', 'false'), (2173, 182, 'Storm Speeder Hammerstrike', 'vehicle', 'false'), (2174, 182, 'Storm Speeder Thunderstrike', 'vehicle', 'false'), (2175, 182, 'Stormhawk Interceptor', 'vehicle', 'false'), (2176, 182, 'Stormraven Gunship', 'transport', 'false'), (2177, 182, 'Stormtalon Gunship', 'vehicle', 'false'), (2178, 182, 'Suppressor Squad', 'squad', 'false'), (2179, 182, 'Tactical Squad', 'squad', 'false'), (2180, 182, 'Techmarine', 'leader', 'false'), (2181, 182, 'Terminator Assault Squad', 'squad', 'false'), (2182, 182, 'Terminator Squad', 'squad', 'false'), (2183, 182, 'Tor Garadon', 'leader', 'true'), (2184, 182, 'Uriel Ventris', 'leader', 'true'), (2185, 182, 'Vanguard Veteran Squad with Jump Packs', 'squad', 'false'), (2186, 182, 'Vindicator', 'vehicle', 'false'), (2187, 182, 'Vulkan He’stan', 'leader', 'true'), (2188, 182, 'Whirlwind', 'vehicle', 'false'), (2189, 183, 'Arjac Rockfist', 'leader', 'true'), (2190, 183, 'Bjorn the Fell-Handed', 'character', 'true'), (2191, 183, 'Blood Claws', 'squad', 'false'), (2192, 183, 'Canis Wolfborn', 'leader', 'true'), (2193, 183, 'Cyberwolf', 'squad', 'false'), (2194, 183, 'Fenrisian Wolves', 'squad', 'false'), (2195, 183, 'Grey Hunters', 'squad', 'false'), (2196, 183, 'Harald Deathwolf', 'leader', 'true'), (2197, 183, 'Hounds of Morkai', 'squad', 'false'), (2198, 183, 'Iron Priest', 'leader', 'false'), (2199, 183, 'Krom Dragongaze', 'leader', 'true'), (2200, 183, 'Logan Grimnar', 'leader', 'true'), (2201, 183, 'Logan Grimnar on Stormrider', 'leader', 'true'), (2202, 183, 'Long Fangs', 'squad', 'false'), (2203, 183, 'Lukas the Trickster', 'leader', 'true'), (2204, 183, 'Murderfang', 'character', 'true'), (2205, 183, 'Njal Stormcaller', 'leader', 'true'), (2206, 183, 'Ragnar Blackmane', 'leader', 'true'), (2207, 183, 'Skyclaws', 'squad', 'false'), (2208, 183, 'Space Wolves Venerable Dreadnought', 'vehicle', 'false'), (2209, 183, 'Stormfang Gunship', 'transport', 'false'), (2210, 183, 'Stormwolf', 'transport', 'false'), (2211, 183, 'Thunderwolf Cavalry', 'squad', 'false'), (2212, 183, 'Ulrik the Slayer', 'leader', 'true'), (2213, 183, 'Wolf Guard', 'squad', 'false'), (2214, 183, 'Wolf Guard in Terminator Armour', 'squad', 'false'), (2215, 183, 'Wolf Guard Battle Leader on Thunderwolf', 'leader', 'false'), (2216, 183, 'Wolf Guard Pack Leader', 'leader', 'false'), (2217, 183, 'Wolf Guard Pack Leader in Terminator Armour', 'squad', 'false'), (2218, 183, 'Wolf Guard Pack Leader with Jump Pack', 'squad', 'false'), (2219, 183, 'Wolf Guard Terminators', 'squad', 'false'), (2220, 183, 'Wolf Lord on Thunderwolf', 'leader', 'false'), (2221, 183, 'Wolf Scouts', 'squad', 'false'), (2222, 183, 'Wulfen', 'squad', 'false'), (2223, 183, 'Wulfen Dreadnought', 'vehicle', 'false'), (2224, 184, 'Breacher Team', 'squad', 'false'), (2225, 184, 'Broadside Battlesuits', 'squad', 'false'), (2226, 184, 'Cadre Fireblade', 'leader', 'false'), (2227, 184, 'Commander Farsight', 'leader', 'true'), (2228, 184, 'Commander in Coldstar Battlesuit', 'leader', 'false'), (2229, 184, 'Commander in Enforcer Battlesuit', 'leader', 'false'), (2230, 184, 'Commander Shadowsun', 'character', 'true'), (2231, 184, 'Crisis Fireknife Battlesuits', 'squad', 'false'), (2232, 184, 'Crisis Starscythe Battlesuits', 'squad', 'false'), (2233, 184, 'Crisis Sunforge Battlesuits', 'squad', 'false'), (2234, 184, 'Darkstrider', 'leader', 'true'), (2235, 184, 'Devilfish', 'transport', 'false'), (2236, 184, 'Ethereal', 'leader', 'false'), (2237, 184, 'Firesight Team', 'squad', 'false'), (2238, 184, 'Ghostkeel Battlesuit', 'vehicle', 'false'), (2239, 184, 'Hammerhead Gunship', 'vehicle', 'false'), (2240, 184, 'Kroot Carnivores', 'squad', 'false'), (2241, 184, 'Kroot Farstalkers', 'squad', 'false'), (2242, 184, 'Kroot Flesh Shaper', 'leader', 'false'), (2243, 184, 'Kroot Hounds', 'squad', 'false'), (2244, 184, 'Kroot Lone-spear', 'character', 'false'), (2245, 184, 'Kroot Trail Shaper', 'leader', 'false'), (2246, 184, 'Kroot War Shaper', 'leader', 'false'), (2247, 184, 'Krootox Rampagers', 'squad', 'false'), (2248, 184, 'Krootox Riders', 'squad', 'false'), (2249, 184, 'Pathfinder Team', 'squad', 'false'), (2250, 184, 'Piranhas', 'transport', 'false'), (2251, 184, 'Razorshark Strike Fighter', 'vehicle', 'false'), (2252, 184, 'Riptide Battlesuit', 'vehicle', 'false'), (2253, 184, 'Sky Ray Gunship', 'vehicle', 'false'), (2254, 184, 'Stealth Battlesuits', 'squad', 'false'), (2255, 184, 'Stormsurge', 'vehicle', 'false'), (2256, 184, 'Strike Team', 'squad', 'false'), (2257, 184, 'Sun Shark Bomber', 'vehicle', 'false'), (2258, 184, 'Tidewall Droneport', 'vehicle', 'false'), (2259, 184, 'Tidewall Gunrig', 'vehicle', 'false'), (2260, 184, 'Tidewall Shieldline', 'vehicle', 'false'), (2261, 184, 'Vespid Stingwings', 'squad', 'false'), (2262, 185, 'Ahriman', 'leader', 'true'), (2263, 185, 'Ahriman on Disc of Tzeentch', 'leader', 'true'), (2264, 185, 'Exalted Sorcerer', 'leader', 'false'), (2265, 185, 'Exalted Sorcerer on Disc of Tzeentch', 'leader', 'false'), (2266, 185, 'Infernal Master', 'leader', 'false'), (2267, 185, 'Magnus the Red', 'character', 'true'), (2268, 185, 'Mutalith Vortex Beast', 'squad', 'false'), (2269, 185, 'Rubric Marines', 'squad', 'false'), (2270, 185, 'Scarab Occult Terminators', 'squad', 'false'), (2271, 185, 'Thousand Sons Chaos Spawn', 'squad', 'false'), (2272, 185, 'Thousand Sons Cultists', 'squad', 'false'), (2273, 185, 'Thousand Sons Daemon Prince', 'character', 'false'), (2274, 185, 'Thousand Sons Daemon Prince with Wings', 'character', 'false'), (2275, 185, 'Thousand Sons Defiler', 'vehicle', 'false'), (2276, 185, 'Thousand Sons Forgefiend', 'vehicle', 'false'), (2277, 185, 'Thousand Sons Helbrute', 'vehicle', 'false'), (2278, 185, 'Thousand Sons Heldrake', 'vehicle', 'false'), (2279, 185, 'Thousand Sons Land Raider', 'transport', 'false'), (2280, 185, 'Thousand Sons Maulerfiend', 'vehicle', 'false'), (2281, 185, 'Thousand Sons Predator Annihilator', 'vehicle', 'false'), (2282, 185, 'Thousand Sons Predator Destructor', 'vehicle', 'false'), (2283, 185, 'Thousand Sons Rhino', 'transport', 'false'), (2284, 185, 'Thousand Sons Sorcerer', 'leader', 'false'), (2285, 185, 'Thousand Sons Sorcerer in Terminator Armour', 'leader', 'false'), (2286, 185, 'Thousand Sons Vindicator', 'vehicle', 'false'), (2287, 185, 'Tzaangor Enlightened', 'squad', 'false'), (2288, 185, 'Tzaangor Shaman', 'leader', 'false'), (2289, 185, 'Tzaangors', 'squad', 'false'), (2290, 186, 'Barbgaunts', 'squad', 'false'), (2291, 186, 'Biovores', 'squad', 'false'), (2292, 186, 'Broodlord', 'leader', 'false'), (2293, 186, 'Carnifexes', 'vehicle', 'false'), (2294, 186, 'Deathleaper', 'character', 'true'), (2295, 186, 'Exocrine', 'vehicle', 'false'), (2296, 186, 'Gargoyles', 'squad', 'false'), (2297, 186, 'Genestealers', 'squad', 'false'), (2298, 186, 'Harpy', 'vehicle', 'false'), (2299, 186, 'Haruspex', 'vehicle', 'false'), (2300, 186, 'Hive Crone', 'vehicle', 'false'), (2301, 186, 'Hive Guard', 'squad', 'false'), (2302, 186, 'Hive Tyrant', 'leader', 'false'), (2303, 186, 'Hormagaunts', 'squad', 'false'), (2304, 186, 'Lictor', 'squad', 'false'), (2305, 186, 'Maleceptor', 'vehicle', 'false'), (2306, 186, 'Mawloc', 'vehicle', 'false'), (2307, 186, 'Mucolid Spores', 'squad', 'false'), (2308, 186, 'Neurogaunts', 'squad', 'false'), (2309, 186, 'Neurolictor', 'squad', 'false'), (2310, 186, 'Neurotyrant', 'leader', 'false'), (2311, 186, 'Norn Assimilator', 'vehicle', 'false'), (2312, 186, 'Norn Emissary', 'vehicle', 'false'), (2313, 186, 'Old One Eye', 'character', 'true'), (2314, 186, 'Parasite of Mortrex', 'character', 'true'), (2315, 186, 'Psychophage', 'vehicle', 'false'), (2316, 186, 'Pyrovores', 'squad', 'false'), (2317, 186, 'Raveners', 'squad', 'false'), (2318, 186, 'Ripper Swarms', 'squad', 'false'), (2319, 186, 'Screamer-Killer', 'vehicle', 'false'), (2320, 186, 'Spore Mines', 'squad', 'false'), (2321, 186, 'Sporocyst', 'vehicle', 'false'), (2322, 186, 'Termagants', 'squad', 'false'), (2323, 186, 'Tervigon', 'character', 'false'), (2324, 186, 'The Swarmlord', 'leader', 'true'), (2325, 186, 'Toxicrene', 'vehicle', 'false'), (2326, 186, 'Trygon', 'vehicle', 'false'), (2327, 186, 'Tyranid Warriors with Melee Bio-weapons', 'squad', 'false'), (2328, 186, 'Tyranid Warriors with Ranged Bio-weapons', 'squad', 'false'), (2329, 186, 'Tyrannocyte', 'transport', 'false'), (2330, 186, 'Tyrannofex', 'vehicle', 'false'), (2331, 186, 'Tyrant Guard', 'squad', 'false'), (2332, 186, 'Venomthropes', 'squad', 'false'), (2333, 186, 'Von Ryan’s Leapers', 'squad', 'false'), (2334, 186, 'Winged Hive Tyrant', 'character', 'false'), (2335, 186, 'Winged Tyranid Prime', 'leader', 'false'), (2336, 186, 'Zoanthropes', 'squad', 'false'), (2337, 187, 'Angron', 'character', 'true'), (2338, 187, 'Eightbound', 'squad', 'false'), (2339, 187, 'Exalted Eightbound', 'squad', 'false'), (2340, 187, 'Jakhals', 'squad', 'false'), (2341, 187, 'Khorne Berzerkers', 'squad', 'false'), (2342, 187, 'Khorne Lord of Skulls', 'vehicle', 'false'), (2343, 187, 'Khârn the Betrayer', 'leader', 'true'), (2344, 187, 'Lord Invocatus', 'leader', 'true'), (2345, 187, 'World Eaters Chaos Spawn', 'squad', 'false'), (2346, 187, 'World Eaters Daemon Prince', 'character', 'false'), (2347, 187, 'World Eaters Daemon Prince with Wings', 'character', 'false'), (2348, 187, 'World Eaters Defiler', 'vehicle', 'false'), (2349, 187, 'World Eaters Forgefiend', 'vehicle', 'false'), (2350, 187, 'World Eaters Helbrute', 'vehicle', 'false'), (2351, 187, 'World Eaters Heldrake', 'vehicle', 'false'), (2352, 187, 'World Eaters Land Raider', 'transport', 'false'), (2353, 187, 'World Eaters Lord on Juggernaut', 'leader', 'false'), (2354, 187, 'World Eaters Master of Executions', 'leader', 'false'), (2355, 187, 'World Eaters Maulerfiend', 'vehicle', 'false'), (2356, 187, 'World Eaters Predator Annihilator', 'vehicle', 'false'), (2357, 187, 'World Eaters Predator Destructor', 'vehicle', 'false'), (2358, 187, 'World Eaters Rhino', 'transport', 'false'), (2359, 187, 'World Eaters Terminator Squad', 'squad', 'false'), (2360, 170, 'Heretic Astartes Daemon Prince with Wings', 'character', 'false'), (2361, 165, 'Lord Marshal Dreir', 'leader', 'true'), (2362, 165, 'Ministorum Priest', 'leader', 'false'), (2363, 165, 'Rogal Dorn Commander', 'character', 'false'), (2364, 165, 'Tech-priest Enginseer', 'leader', 'false'), (2365, 164, 'D-Cannon Platform', 'vehicle', 'false'), (2366, 164, 'Shadow Weaver Platform', 'vehicle', 'false'), (2368, 164, 'Vibro Cannon Platform', 'vehicle', 'false'), (2369, 164, 'Wraithknight with Ghostglaive', 'vehicle', 'false'), (2370, 164, 'Ynnari Archon', 'leader', 'false'), (2371, 164, 'Ynnari Incubi', 'squad', 'false'), (2372, 164, 'Ynnari Kabalite Warriors', 'squad', 'false'), (2373, 164, 'Ynnari Raider', 'transport', 'false'), (2374, 164, 'Ynnari Reavers', 'squad', 'false'), (2375, 164, 'Ynnari Succubus', 'leader', 'false'), (2376, 164, 'Ynnari Venom', 'transport', 'false'), (2377, 164, 'Ynnari Witches', 'squad', 'false');

INSERT INTO "public"."unit_tiers" ("id", "unit", "points", "models") VALUES (1916, 1482, 85, 2), (1917, 1483, 45, 3), (1918, 1483, 150, 10), (1919, 1484, 105, 10), (1920, 1485, 50, 1), (1921, 1486, 75, 1), (1922, 1487, 160, 1), (1923, 1488, 75, 5), (1924, 1488, 150, 10), (1925, 1489, 85, 2), (1926, 1490, 40, 1), (1927, 1491, 45, 1), (1928, 1492, 125, 10), (1929, 1493, 190, 1), (1930, 1494, 50, 1), (1931, 1495, 65, 1), (1932, 1496, 125, 1), (1933, 1497, 90, 1), (1934, 1498, 50, 1), (1935, 1499, 70, 1), (1936, 1499, 140, 2), (1937, 1500, 170, 1), (1938, 1501, 50, 1), (1939, 1502, 220, 3), (1940, 1503, 75, 1), (1941, 1503, 150, 2), (1942, 1504, 90, 5), (1943, 1504, 180, 10), (1944, 1505, 125, 5), (1945, 1506, 160, 3), (1946, 1507, 90, 5), (1947, 1507, 190, 10), (1948, 1508, 100, 10), (1949, 1509, 75, 1), (1950, 1510, 250, 1), (1951, 1511, 85, 5), (1952, 1511, 170, 10), (1953, 1512, 75, 1), (1954, 1513, 130, 2), (1955, 1513, 195, 3), (1956, 1513, 325, 5), (1957, 1513, 390, 6), (1958, 1514, 75, 1), (1959, 1515, 110, 1), (1960, 1516, 180, 4), (1961, 1516, 225, 5), (1962, 1517, 200, 4), (1963, 1517, 250, 5), (1964, 1518, 70, 1), (1965, 1519, 40, 4), (1966, 1519, 50, 5), (1967, 1519, 90, 9), (1968, 1519, 100, 10), (1969, 1520, 140, 1), (1970, 1521, 140, 1), (1971, 1522, 140, 1), (1972, 1523, 140, 1), (1973, 1524, 110, 1), (1974, 1525, 160, 1), (1975, 1526, 240, 1), (1976, 1527, 140, 2), (1977, 1527, 210, 3), (1978, 1528, 50, 4), (1979, 1528, 65, 5), (1980, 1528, 115, 9), (1981, 1528, 125, 10), (1982, 1529, 50, 4), (1983, 1529, 65, 5), (1984, 1529, 115, 9), (1985, 1529, 125, 10), (1986, 1530, 160, 1), (1987, 1531, 185, 1), (1988, 1532, 150, 1), (1989, 1533, 150, 1), (1990, 1534, 65, 5), (1991, 1534, 130, 10), (1992, 1535, 35, 1), (1993, 1536, 70, 5), (1994, 1536, 140, 10), (1995, 1537, 75, 1), (1996, 1537, 150, 2), (1997, 1537, 225, 3), (1998, 1538, 190, 2), (1999, 1538, 380, 4), (2000, 1539, 160, 3), (2001, 1539, 320, 6), (2002, 1540, 105, 3), (2003, 1540, 210, 6), (2004, 1541, 155, 1), (2005, 1542, 70, 5), (2006, 1542, 140, 10), (2007, 1543, 80, 5), (2008, 1543, 160, 10), (2009, 1544, 60, 3), (2010, 1544, 120, 6), (2011, 1545, 55, 3), (2012, 1545, 110, 6), (2013, 1546, 70, 5), (2014, 1546, 140, 10), (2015, 1547, 75, 5), (2016, 1547, 150, 10), (2017, 1548, 35, 1), (2018, 1549, 85, 10), (2019, 1550, 95, 10), (2020, 1551, 175, 1), (2021, 1552, 85, 1), (2022, 1553, 55, 1), (2023, 1553, 100, 2), (2024, 1553, 150, 3), (2025, 1554, 70, 1), (2026, 1554, 140, 2), (2027, 1554, 210, 3), (2028, 1555, 50, 1), (2029, 1556, 70, 1), (2030, 1557, 55, 1), (2031, 1558, 60, 1), (2032, 1559, 45, 1), (2033, 1560, 120, 1), (2034, 1561, 75, 1), (2036, 1563, 80, 1), (2037, 1564, 320, 1), (2038, 1565, 125, 1), (2039, 1566, 70, 5), (2040, 1566, 140, 10), (2041, 1567, 90, 5), (2042, 1567, 190, 10), (2043, 1568, 160, 1), (2044, 1569, 85, 5), (2045, 1569, 170, 10), (2046, 1570, 90, 1), (2047, 1571, 70, 5), (2048, 1571, 140, 10), (2049, 1572, 110, 1), (2050, 1573, 130, 1), (2051, 1574, 80, 1), (2052, 1575, 90, 1), (2053, 1576, 100, 5), (2054, 1576, 200, 10), (2055, 1577, 155, 1), (2056, 1578, 115, 1), (2057, 1579, 110, 11), (2058, 1580, 155, 1), (2059, 1581, 85, 5), (2060, 1581, 170, 10), (2061, 1582, 120, 1), (2062, 1583, 110, 1), (2064, 1585, 120, 1), (2065, 1586, 180, 1), (2067, 1588, 55, 5), (2068, 1588, 110, 10), (2069, 1589, 60, 1), (2070, 1590, 120, 3), (2071, 1590, 240, 6), (2072, 1591, 80, 3), (2073, 1591, 160, 6), (2074, 1592, 95, 2), (2075, 1592, 190, 4), (2076, 1593, 115, 1), (2077, 1594, 65, 1), (2078, 1595, 80, 1), (2079, 1596, 110, 11), (2080, 1597, 75, 5), (2081, 1597, 150, 10), (2083, 1599, 75, 5), (2084, 1599, 150, 10), (2085, 1600, 90, 1), (2086, 1601, 250, 1), (2087, 1602, 85, 5), (2088, 1602, 100, 6), (2091, 1603, 75, 1), (2092, 1604, 125, 1), (2093, 1605, 75, 1), (2094, 1606, 95, 1), (2095, 1607, 45, 1), (2096, 1608, 55, 2), (2097, 1608, 110, 4), (2098, 1609, 45, 1), (2101, 1611, 85, 5), (2102, 1611, 170, 10), (2103, 1612, 120, 1), (2105, 1614, 80, 3), (2106, 1614, 160, 6), (2108, 1615, 170, 5), (2110, 1616, 170, 5), (2112, 1617, 435, 1), (2113, 1618, 150, 1), (2114, 1619, 100, 1), (2115, 1620, 145, 1), (2116, 1621, 65, 1), (2117, 1621, 130, 2), (2119, 1622, 60, 5), (2120, 1622, 120, 10), (2121, 1623, 480, 1), (2122, 1624, 450, 1), (2123, 1625, 480, 1), (2124, 1626, 140, 1), (2125, 1627, 110, 3), (2126, 1627, 220, 6), (2127, 1628, 55, 1), (2128, 1629, 65, 5), (2129, 1630, 65, 10), (2130, 1630, 120, 20), (2131, 1631, 65, 10), (2132, 1631, 120, 20), (2133, 1632, 85, 1), (2134, 1633, 30, 1), (2135, 1634, 65, 10), (2136, 1634, 130, 20), (2137, 1635, 145, 1), (2138, 1636, 445, 1), (2139, 1637, 100, 2), (2140, 1638, 110, 6), (2141, 1639, 50, 3), (2142, 1640, 450, 1), (2143, 1641, 125, 1), (2144, 1642, 95, 1), (2145, 1643, 70, 5), (2146, 1643, 140, 10), (2147, 1644, 95, 1), (2148, 1645, 110, 10), (2149, 1646, 175, 1), (2150, 1647, 190, 1), (2151, 1648, 170, 1), (2152, 1649, 170, 1), (2153, 1650, 180, 1), (2154, 1651, 150, 1), (2155, 1652, 145, 1), (2156, 1653, 150, 1), (2157, 1654, 165, 1), (2158, 1655, 75, 5), (2159, 1656, 65, 5), (2160, 1657, 60, 1), (2161, 1658, 40, 1), (2162, 1659, 60, 3), (2163, 1659, 130, 6), (2164, 1660, 60, 5), (2165, 1661, 60, 1), (2166, 1662, 60, 5), (2167, 1663, 50, 3), (2168, 1664, 70, 5), (2169, 1665, 65, 6), (2170, 1666, 240, 1), (2171, 1667, 55, 1), (2172, 1667, 110, 2), (2174, 1668, 75, 4), (2175, 1669, 440, 1), (2176, 1670, 55, 1), (2177, 1671, 460, 1), (2178, 1672, 495, 1), (2179, 1673, 235, 1), (2180, 1674, 65, 1), (2181, 1675, 90, 1), (2182, 1676, 110, 10), (2183, 1677, 65, 5), (2184, 1677, 130, 10), (2185, 1678, 65, 1), (2186, 1679, 190, 1), (2187, 1680, 110, 1), (2188, 1681, 170, 1), (2189, 1682, 170, 1), (2190, 1683, 170, 1), (2191, 1684, 90, 1), (2192, 1685, 200, 1), (2193, 1686, 235, 1), (2194, 1687, 60, 1), (2195, 1688, 130, 4), (2196, 1689, 85, 0), (2197, 1689, 150, 10), (2198, 1689, 135, 10), (2199, 1689, 290, 20), (2200, 1690, 130, 1), (2201, 1691, 75, 1), (2202, 1692, 150, 10), (2203, 1692, 320, 20), (2204, 1693, 150, 5), (2205, 1693, 300, 10), (2206, 1694, 75, 1), (2207, 1695, 105, 1), (2208, 1696, 135, 1), (2209, 1697, 80, 1), (2210, 1698, 125, 1), (2211, 1699, 130, 1), (2212, 1700, 70, 1), (2213, 1701, 85, 1), (2214, 1702, 180, 1), (2215, 1703, 90, 5), (2216, 1703, 180, 10), (2217, 1704, 90, 5), (2218, 1704, 180, 10), (2219, 1705, 130, 5), (2220, 1705, 240, 10), (2221, 1706, 110, 1), (2222, 1707, 135, 3), (2223, 1707, 270, 6), (2224, 1708, 90, 1), (2225, 1709, 140, 1), (2226, 1710, 65, 1), (2227, 1710, 130, 2), (2228, 1711, 325, 1), (2229, 1712, 110, 3), (2230, 1712, 220, 6), (2231, 1713, 120, 10), (2232, 1714, 65, 1), (2233, 1715, 305, 1), (2234, 1716, 125, 10), (2235, 1717, 115, 1), (2236, 1718, 60, 1), (2237, 1719, 80, 1), (2238, 1720, 190, 1), (2239, 1721, 180, 1), (2240, 1722, 100, 10), (2241, 1723, 80, 1), (2242, 1724, 65, 1), (2243, 1725, 115, 1), (2244, 1726, 95, 1), (2245, 1727, 100, 1), (2246, 1728, 105, 3), (2247, 1728, 210, 6), (2248, 1729, 75, 3), (2249, 1729, 150, 6), (2250, 1730, 70, 5), (2251, 1730, 140, 10), (2252, 1731, 60, 1), (2253, 1732, 230, 1), (2254, 1733, 105, 1), (2255, 1733, 210, 2), (2256, 1734, 120, 1), (2257, 1735, 60, 1), (2258, 1736, 270, 1), (2259, 1737, 65, 1), (2260, 1738, 290, 1), (2261, 1739, 260, 1), (2262, 1740, 40, 3), (2263, 1740, 70, 6), (2264, 1740, 105, 9), (2265, 1741, 140, 10), (2266, 1742, 110, 3), (2267, 1742, 220, 6), (2268, 1743, 110, 10), (2269, 1744, 55, 1), (2270, 1745, 165, 1), (2271, 1746, 230, 1), (2272, 1747, 75, 3), (2273, 1747, 150, 6), (2274, 1748, 65, 1), (2275, 1748, 130, 2), (2276, 1749, 80, 5), (2277, 1749, 160, 10), (2278, 1750, 425, 1), (2279, 1751, 305, 1), (2280, 1752, 105, 1), (2281, 1753, 95, 1), (2282, 1754, 100, 1), (2283, 1755, 85, 1), (2284, 1756, 55, 1), (2285, 1757, 180, 1), (2286, 1758, 60, 1), (2287, 1759, 120, 1), (2288, 1760, 75, 1), (2289, 1761, 90, 1), (2290, 1762, 85, 1), (2291, 1763, 140, 1), (2292, 1764, 60, 1), (2293, 1765, 365, 1), (2294, 1766, 410, 1), (2295, 1767, 415, 1), (2296, 1768, 380, 1), (2297, 1769, 510, 1), (2298, 1770, 165, 1), (2299, 1771, 140, 1), (2300, 1772, 145, 1), (2301, 1773, 140, 1), (2302, 1774, 145, 1), (2303, 1775, 280, 1), (2304, 1776, 90, 8), (2305, 1776, 195, 16), (2306, 1777, 70, 3), (2307, 1777, 140, 6), (2308, 1778, 240, 1), (2309, 1779, 90, 1), (2310, 1780, 95, 1), (2311, 1781, 90, 1), (2312, 1782, 130, 1), (2313, 1783, 140, 1), (2314, 1784, 75, 1), (2315, 1785, 70, 2), (2316, 1786, 180, 5), (2317, 1786, 360, 10), (2318, 1787, 185, 1), (2319, 1788, 125, 5), (2320, 1788, 250, 10), (2321, 1789, 45, 1), (2322, 1790, 50, 10), (2323, 1790, 100, 20), (2324, 1791, 90, 1), (2325, 1792, 75, 3), (2326, 1793, 80, 5), (2327, 1794, 190, 1), (2328, 1795, 85, 2), (2329, 1796, 85, 10), (2330, 1797, 190, 1), (2331, 1798, 90, 1), (2332, 1799, 125, 5), (2333, 1800, 130, 1), (2334, 1801, 205, 1), (2335, 1802, 165, 1), (2337, 1804, 80, 1), (2338, 1805, 450, 1), (2339, 1806, 90, 5), (2340, 1806, 170, 10), (2341, 1807, 175, 1), (2342, 1808, 80, 1), (2343, 1809, 70, 1), (2344, 1810, 130, 1), (2345, 1811, 125, 1), (2346, 1812, 160, 2), (2347, 1813, 120, 5), (2348, 1813, 240, 10), (2349, 1814, 90, 5), (2350, 1814, 170, 10), (2351, 1815, 60, 1), (2352, 1816, 80, 1), (2353, 1817, 65, 2), (2354, 1818, 70, 10), (2355, 1819, 175, 1), (2356, 1820, 120, 1), (2357, 1821, 125, 5), (2358, 1821, 270, 10), (2359, 1822, 70, 1), (2360, 1823, 95, 1), (2361, 1824, 85, 5), (2362, 1824, 170, 10), (2363, 1825, 70, 1), (2364, 1826, 115, 1), (2365, 1827, 85, 1), (2366, 1828, 250, 5), (2367, 1829, 180, 5), (2368, 1829, 360, 10), (2369, 1830, 75, 1), (2370, 1831, 90, 3), (2371, 1831, 180, 6), (2372, 1832, 120, 1), (2373, 1833, 70, 1), (2374, 1834, 285, 1), (2375, 1835, 195, 1), (2376, 1836, 90, 3), (2377, 1836, 180, 6), (2378, 1837, 120, 3), (2379, 1838, 210, 1), (2380, 1839, 115, 1), (2381, 1840, 115, 1), (2382, 1841, 50, 1), (2383, 1842, 155, 5), (2384, 1842, 310, 10), (2385, 1843, 65, 1), (2386, 1844, 85, 1), (2387, 1845, 70, 2), (2388, 1846, 50, 10), (2389, 1846, 100, 20), (2390, 1847, 160, 1), (2391, 1848, 195, 1), (2392, 1849, 190, 1), (2393, 1850, 130, 1), (2394, 1851, 45, 1), (2395, 1852, 240, 1), (2396, 1853, 130, 1), (2397, 1854, 130, 1), (2398, 1855, 75, 1), (2399, 1856, 70, 1), (2400, 1857, 110, 3), (2401, 1857, 220, 6), (2402, 1858, 90, 1), (2403, 1859, 60, 1), (2404, 1860, 80, 1), (2405, 1861, 80, 1), (2406, 1862, 65, 1), (2407, 1863, 115, 1), (2408, 1864, 300, 1), (2409, 1865, 90, 1), (2410, 1865, 180, 2), (2411, 1865, 270, 3), (2412, 1866, 45, 1), (2413, 1867, 90, 5), (2414, 1867, 125, 7), (2415, 1867, 180, 10), (2416, 1868, 50, 1), (2417, 1869, 180, 1), (2418, 1870, 50, 10), (2419, 1870, 100, 20), (2420, 1871, 45, 1), (2421, 1872, 80, 1), (2422, 1873, 85, 1), (2423, 1874, 120, 7), (2424, 1875, 95, 4), (2425, 1876, 50, 1), (2426, 1876, 100, 2), (2427, 1877, 85, 1), (2428, 1878, 80, 3), (2429, 1878, 160, 6), (2430, 1879, 60, 1), (2431, 1880, 75, 5), (2432, 1880, 150, 10), (2433, 1881, 85, 5), (2434, 1881, 170, 10), (2435, 1882, 110, 10), (2436, 1883, 95, 1), (2437, 1884, 70, 5), (2438, 1884, 130, 10), (2439, 1885, 80, 1), (2440, 1886, 110, 1), (2441, 1887, 170, 1), (2442, 1888, 65, 3), (2443, 1888, 120, 6), (2444, 1889, 120, 5), (2445, 1889, 180, 10), (2446, 1890, 45, 1), (2447, 1891, 80, 1), (2448, 1891, 160, 2), (2449, 1892, 80, 1), (2450, 1893, 70, 1), (2451, 1894, 215, 1), (2452, 1895, 60, 5), (2453, 1895, 120, 10), (2454, 1896, 90, 10), (2455, 1897, 135, 5), (2456, 1897, 300, 10), (2457, 1898, 75, 1), (2458, 1899, 75, 1), (2459, 1899, 150, 2), (2460, 1900, 65, 5), (2461, 1900, 130, 10), (2462, 1901, 70, 5), (2463, 1901, 140, 10), (2464, 1902, 50, 1), (2465, 1903, 80, 5), (2466, 1903, 160, 10), (2467, 1904, 70, 1), (2468, 1905, 50, 1), (2469, 1906, 50, 1), (2470, 1907, 120, 1), (2471, 1908, 85, 1), (2472, 1909, 80, 5), (2473, 1909, 160, 10), (2474, 1910, 55, 1), (2475, 1911, 60, 1), (2476, 1912, 45, 1), (2477, 1913, 50, 1), (2478, 1914, 65, 10), (2479, 1914, 130, 20), (2480, 1915, 60, 1), (2481, 1916, 75, 1), (2482, 1917, 80, 1), (2483, 1918, 75, 5), (2484, 1918, 150, 10), (2485, 1919, 65, 1), (2486, 1920, 50, 1), (2487, 1921, 90, 1), (2488, 1922, 90, 1), (2489, 1923, 80, 1), (2490, 1924, 75, 1), (2491, 1925, 120, 1), (2492, 1926, 70, 1), (2493, 1927, 200, 5), (2494, 1927, 420, 10), (2495, 1928, 90, 1), (2496, 1929, 95, 1), (2497, 1930, 210, 1), (2498, 1931, 95, 1), (2499, 1932, 240, 1), (2500, 1933, 220, 1), (2501, 1934, 285, 1), (2502, 1935, 85, 1), (2503, 1936, 75, 1), (2504, 1937, 160, 1), (2505, 1938, 280, 1), (2506, 1939, 170, 1), (2507, 1940, 155, 1), (2508, 1941, 130, 5), (2509, 1941, 260, 10), (2510, 1942, 125, 1), (2511, 1943, 205, 1), (2512, 1944, 215, 5), (2513, 1944, 450, 10), (2514, 1945, 120, 5), (2515, 1945, 240, 10), (2516, 1946, 125, 5), (2517, 1946, 250, 10), (2518, 1947, 50, 4), (2519, 1948, 120, 5), (2520, 1948, 240, 10), (2521, 1949, 100, 1), (2522, 1950, 180, 1), (2523, 1951, 100, 1), (2524, 1952, 100, 5), (2525, 1952, 200, 10), (2526, 1953, 110, 1), (2527, 1954, 90, 11), (2528, 1955, 190, 5), (2529, 1956, 90, 10), (2530, 1957, 75, 1), (2531, 1958, 55, 1), (2532, 1959, 75, 1), (2533, 1960, 75, 1), (2534, 1961, 65, 1), (2535, 1962, 50, 6), (2536, 1962, 100, 12), (2537, 1963, 70, 1), (2538, 1964, 40, 1), (2539, 1965, 60, 1), (2540, 1966, 75, 4), (2541, 1967, 100, 1), (2542, 1968, 100, 10), (2543, 1969, 85, 11), (2544, 1970, 85, 11), (2545, 1971, 110, 1), (2546, 1972, 50, 6), (2547, 1973, 65, 1), (2548, 1974, 105, 1), (2549, 1975, 140, 1), (2550, 1976, 150, 1), (2551, 1977, 450, 1), (2552, 1978, 510, 1), (2553, 1979, 445, 1), (2554, 1980, 390, 1), (2555, 1981, 380, 1), (2556, 1982, 405, 1), (2557, 1983, 405, 1), (2558, 1984, 510, 1), (2559, 1985, 450, 1), (2560, 1986, 65, 5), (2561, 1987, 85, 3), (2562, 1987, 170, 6), (2563, 1988, 100, 5), (2564, 1988, 200, 10), (2565, 1989, 60, 1), (2566, 1990, 150, 5), (2567, 1990, 320, 10), (2568, 1991, 65, 3), (2569, 1992, 100, 10), (2570, 1993, 225, 1), (2571, 1994, 90, 3), (2572, 1994, 180, 6), (2573, 1995, 90, 10), (2574, 1996, 70, 1), (2575, 1997, 115, 1), (2576, 1998, 80, 1), (2577, 1999, 105, 1), (2578, 2000, 265, 1), (2579, 2001, 295, 1), (2580, 2002, 290, 1), (2581, 2003, 145, 1), (2582, 2004, 75, 1), (2583, 2005, 40, 3), (2584, 2005, 80, 6), (2585, 2006, 75, 1), (2586, 2006, 150, 2), (2587, 2007, 125, 3), (2588, 2007, 250, 6), (2589, 2008, 120, 1), (2590, 2009, 65, 1), (2591, 2010, 60, 1), (2592, 2010, 120, 2), (2593, 2010, 180, 3), (2594, 2011, 60, 2), (2595, 2012, 65, 5), (2596, 2012, 130, 10), (2597, 2013, 230, 1), (2598, 2014, 190, 1), (2599, 2015, 60, 5), (2600, 2015, 120, 10), (2601, 2016, 125, 1), (2602, 2017, 70, 1), (2603, 2018, 175, 1), (2604, 2019, 75, 5), (2605, 2019, 150, 10), (2606, 2020, 100, 1), (2607, 2021, 35, 1), (2608, 2021, 60, 2), (2609, 2021, 90, 3), (2610, 2021, 180, 6), (2611, 2022, 55, 1), (2612, 2022, 110, 2), (2613, 2022, 165, 3), (2614, 2023, 80, 1), (2615, 2024, 85, 5), (2616, 2024, 170, 10), (2617, 2025, 400, 1), (2618, 2026, 100, 10), (2619, 2026, 200, 20), (2620, 2027, 145, 1), (2621, 2028, 300, 1), (2622, 2029, 90, 3), (2623, 2029, 180, 6), (2624, 2030, 80, 1), (2625, 2031, 85, 1), (2626, 2032, 85, 1), (2627, 2033, 65, 1), (2628, 2034, 55, 1), (2629, 2035, 40, 1), (2630, 2036, 90, 3), (2631, 2036, 180, 6), (2632, 2037, 80, 1), (2633, 2038, 85, 1), (2634, 2039, 425, 1), (2635, 2040, 420, 3), (2636, 2041, 75, 3), (2637, 2041, 150, 6), (2638, 2042, 285, 1), (2639, 2043, 75, 1), (2640, 2044, 100, 5), (2641, 2044, 200, 10), (2642, 2045, 110, 1), (2643, 2046, 160, 1), (2644, 2047, 95, 10), (2645, 2047, 190, 20), (2646, 2048, 80, 1), (2647, 2049, 130, 1), (2648, 2050, 70, 1), (2649, 2051, 90, 1), (2650, 2052, 65, 1), (2651, 2053, 135, 1), (2652, 2054, 115, 1), (2653, 2055, 80, 1), (2654, 2056, 95, 1), (2655, 2057, 80, 10), (2656, 2057, 160, 20), (2657, 2058, 60, 0), (2658, 2058, 120, 10), (2659, 2059, 125, 1), (2660, 2060, 135, 1), (2661, 2061, 120, 1), (2662, 2062, 80, 1), (2663, 2063, 90, 3), (2664, 2063, 180, 6), (2665, 2064, 80, 5), (2666, 2064, 160, 10), (2667, 2065, 235, 2), (2668, 2066, 265, 1), (2669, 2067, 40, 11), (2670, 2067, 80, 22), (2671, 2068, 135, 1), (2672, 2069, 155, 1), (2673, 2070, 125, 3), (2674, 2070, 250, 6), (2675, 2071, 120, 10), (2676, 2072, 75, 1), (2677, 2073, 50, 5), (2678, 2073, 100, 10), (2679, 2074, 70, 2), (2680, 2074, 105, 3), (2681, 2074, 175, 5), (2682, 2074, 210, 6), (2683, 2075, 80, 1), (2684, 2075, 45, 1), (2685, 2076, 50, 1), (2686, 2076, 100, 2), (2687, 2076, 150, 3), (2688, 2077, 280, 1), (2689, 2078, 165, 1), (2690, 2079, 105, 5), (2691, 2079, 210, 10), (2692, 2080, 70, 1), (2693, 2081, 80, 1), (2694, 2082, 100, 1), (2695, 2083, 75, 1), (2696, 2084, 160, 4), (2697, 2084, 320, 8), (2698, 2085, 800, 1), (2699, 2086, 65, 5), (2700, 2086, 130, 10), (2701, 2087, 120, 6), (2702, 2088, 65, 1), (2703, 2089, 70, 3), (2704, 2089, 140, 6), (2705, 2090, 65, 1), (2706, 2091, 80, 1), (2707, 2092, 175, 1), (2708, 2093, 65, 1), (2709, 2094, 60, 1), (2710, 2095, 80, 1), (2711, 2096, 85, 1), (2712, 2097, 120, 3), (2713, 2097, 240, 6), (2714, 2098, 50, 1), (2715, 2099, 75, 1), (2716, 2100, 50, 1), (2717, 2101, 70, 1), (2718, 2102, 75, 5), (2719, 2102, 150, 10), (2720, 2103, 90, 5), (2721, 2103, 160, 10), (2722, 2104, 130, 1), (2723, 2105, 45, 1), (2724, 2106, 90, 3), (2725, 2106, 180, 6), (2726, 2107, 160, 1), (2727, 2108, 80, 1), (2728, 2109, 80, 1), (2729, 2110, 70, 1), (2730, 2111, 95, 1), (2731, 2112, 85, 1), (2732, 2113, 85, 1), (2733, 2114, 150, 3), (2734, 2114, 300, 6), (2735, 2115, 185, 3), (2736, 2115, 370, 6), (2737, 2116, 60, 1), (2738, 2117, 75, 1), (2739, 2118, 75, 1), (2740, 2119, 75, 1), (2741, 2120, 75, 1), (2742, 2121, 95, 4), (2743, 2122, 100, 1), (2744, 2123, 200, 5), (2745, 2124, 120, 5), (2746, 2124, 200, 10), (2747, 2125, 135, 1), (2748, 2126, 70, 1), (2749, 2127, 85, 3), (2750, 2128, 100, 3), (2751, 2128, 200, 6), (2752, 2129, 75, 1), (2753, 2129, 150, 2), (2754, 2130, 160, 1), (2755, 2131, 160, 1), (2756, 2132, 160, 1), (2757, 2133, 175, 1), (2758, 2134, 95, 5), (2759, 2134, 190, 10), (2760, 2135, 115, 5), (2761, 2135, 230, 10), (2762, 2136, 80, 1), (2763, 2137, 130, 3), (2764, 2137, 260, 6), (2765, 2138, 80, 5), (2766, 2138, 160, 10), (2767, 2139, 80, 5), (2768, 2139, 160, 10), (2769, 2140, 100, 5), (2770, 2140, 200, 10), (2771, 2141, 80, 5), (2772, 2141, 160, 10), (2773, 2142, 60, 1), (2774, 2143, 125, 1), (2775, 2144, 95, 1), (2776, 2145, 70, 1), (2777, 2146, 100, 1), (2778, 2147, 70, 1), (2779, 2148, 240, 1), (2780, 2149, 220, 1), (2781, 2150, 285, 1), (2782, 2151, 65, 1), (2783, 2152, 70, 1), (2784, 2153, 75, 1), (2785, 2154, 65, 1), (2786, 2155, 55, 1), (2787, 2156, 55, 1), (2788, 2157, 70, 1), (2789, 2158, 185, 3), (2790, 2159, 80, 3), (2791, 2159, 160, 6), (2792, 2160, 90, 1), (2793, 2161, 130, 1), (2794, 2162, 130, 1), (2795, 2163, 95, 1), (2796, 2164, 210, 1), (2797, 2165, 75, 5), (2798, 2165, 150, 10), (2799, 2166, 180, 1), (2800, 2167, 220, 1), (2801, 2168, 75, 1), (2802, 2169, 285, 1), (2803, 2170, 65, 5), (2804, 2170, 130, 10), (2805, 2171, 90, 5), (2806, 2171, 180, 10), (2807, 2172, 115, 1), (2808, 2173, 125, 1), (2809, 2174, 150, 1), (2810, 2175, 155, 1), (2811, 2176, 280, 1), (2812, 2177, 165, 1), (2813, 2178, 75, 3), (2814, 2179, 140, 10), (2815, 2180, 55, 1), (2816, 2181, 180, 5), (2817, 2181, 360, 10), (2818, 2182, 170, 5), (2819, 2182, 340, 10), (2820, 2183, 90, 1), (2821, 2184, 75, 1), (2822, 2185, 110, 5), (2823, 2185, 220, 10), (2824, 2186, 175, 1), (2825, 2187, 100, 1), (2826, 2188, 180, 1), (2827, 2189, 95, 1), (2828, 2190, 190, 1), (2829, 2191, 140, 10), (2830, 2191, 210, 15), (2831, 2192, 75, 1), (2832, 2193, 20, 1), (2833, 2194, 30, 5), (2834, 2194, 60, 10), (2835, 2195, 85, 5), (2836, 2195, 170, 10), (2837, 2196, 85, 1), (2838, 2197, 80, 5), (2839, 2197, 160, 10), (2840, 2198, 60, 1), (2841, 2199, 65, 1), (2842, 2200, 115, 1), (2843, 2201, 180, 1), (2844, 2202, 120, 5), (2845, 2202, 145, 6), (2846, 2203, 50, 1), (2847, 2204, 170, 1), (2848, 2205, 85, 1), (2849, 2206, 90, 1), (2850, 2207, 90, 5), (2851, 2207, 165, 10), (2852, 2207, 240, 15), (2853, 2208, 155, 1), (2854, 2209, 300, 1), (2855, 2210, 250, 1), (2856, 2211, 120, 3), (2857, 2211, 240, 6), (2858, 2212, 70, 1), (2859, 2213, 85, 5), (2860, 2213, 170, 10), (2861, 2214, 75, 1), (2862, 2215, 80, 1), (2863, 2216, 30, 1), (2864, 2217, 40, 1), (2865, 2218, 35, 1), (2866, 2219, 185, 5), (2867, 2219, 370, 10), (2868, 2220, 100, 1), (2869, 2221, 75, 5), (2870, 2221, 150, 10), (2871, 2222, 90, 5), (2872, 2222, 180, 10), (2873, 2223, 130, 1), (2874, 2224, 100, 10), (2875, 2225, 90, 1), (2876, 2225, 180, 2), (2877, 2225, 300, 3), (2878, 2226, 50, 1), (2879, 2227, 95, 1), (2880, 2228, 95, 1), (2881, 2229, 80, 1), (2882, 2230, 100, 1), (2883, 2231, 130, 3), (2884, 2232, 110, 3), (2885, 2233, 150, 3), (2886, 2234, 60, 1), (2887, 2235, 85, 1), (2888, 2236, 50, 1), (2889, 2237, 70, 1), (2890, 2238, 160, 1), (2891, 2239, 145, 1), (2892, 2240, 65, 10), (2893, 2240, 130, 20), (2894, 2241, 85, 12), (2895, 2242, 45, 1), (2896, 2243, 40, 5), (2897, 2243, 80, 10), (2898, 2244, 90, 1), (2899, 2245, 55, 1), (2900, 2246, 50, 1), (2901, 2247, 95, 3), (2902, 2247, 190, 6), (2903, 2248, 40, 1), (2904, 2248, 60, 2), (2905, 2248, 90, 3), (2906, 2249, 90, 10), (2907, 2250, 60, 1), (2908, 2250, 120, 2), (2909, 2250, 180, 3), (2910, 2251, 170, 1), (2911, 2252, 190, 1), (2912, 2253, 140, 1), (2913, 2254, 60, 3), (2914, 2254, 120, 6), (2915, 2255, 400, 1), (2916, 2256, 75, 10), (2917, 2257, 160, 1), (2918, 2258, 85, 1), (2919, 2259, 90, 1), (2920, 2260, 85, 1), (2921, 2261, 65, 5), (2922, 2261, 130, 10), (2923, 2262, 140, 1), (2924, 2263, 150, 1), (2925, 2264, 110, 1), (2926, 2265, 115, 1), (2927, 2266, 105, 1), (2928, 2267, 465, 1), (2929, 2268, 160, 1), (2930, 2269, 110, 5), (2931, 2269, 200, 10), (2932, 2270, 190, 5), (2933, 2270, 380, 10), (2934, 2271, 65, 2), (2935, 2272, 55, 10), (2936, 2272, 110, 20), (2937, 2273, 170, 1), (2938, 2274, 180, 1), (2939, 2275, 190, 1), (2940, 2276, 145, 1), (2941, 2277, 130, 1), (2942, 2278, 195, 1), (2943, 2279, 240, 1), (2944, 2280, 140, 1), (2945, 2281, 130, 1), (2946, 2282, 130, 1), (2947, 2283, 75, 1), (2948, 2284, 105, 1), (2949, 2285, 115, 1), (2950, 2286, 175, 1), (2951, 2287, 50, 3), (2952, 2287, 90, 6), (2953, 2288, 60, 1), (2954, 2289, 65, 10), (2955, 2289, 130, 20), (2956, 2290, 55, 5), (2957, 2290, 110, 10), (2958, 2291, 50, 1), (2959, 2291, 100, 2), (2960, 2291, 150, 3), (2961, 2292, 80, 1), (2962, 2293, 115, 1), (2963, 2293, 230, 2), (2964, 2294, 80, 1), (2965, 2295, 135, 1), (2966, 2296, 85, 10), (2967, 2296, 170, 20), (2968, 2297, 75, 5), (2969, 2297, 150, 10), (2970, 2298, 215, 1), (2971, 2299, 125, 1), (2972, 2300, 200, 1), (2973, 2301, 100, 3), (2974, 2301, 200, 6), (2975, 2302, 235, 1), (2976, 2303, 65, 10), (2977, 2303, 130, 20), (2978, 2304, 60, 1), (2979, 2305, 170, 1), (2980, 2306, 145, 1), (2981, 2307, 30, 1), (2982, 2307, 60, 2), (2983, 2308, 45, 11), (2984, 2308, 90, 22), (2985, 2309, 90, 1), (2986, 2310, 105, 1), (2987, 2311, 290, 1), (2988, 2312, 275, 1), (2989, 2313, 150, 1), (2990, 2314, 80, 1), (2991, 2315, 95, 1), (2992, 2316, 40, 1), (2993, 2316, 70, 2), (2994, 2316, 105, 3), (2995, 2317, 75, 3), (2996, 2317, 150, 6), (2997, 2318, 25, 1), (2998, 2318, 40, 2), (2999, 2318, 50, 3), (3000, 2319, 145, 1), (3001, 2320, 55, 3), (3002, 2320, 110, 6), (3003, 2321, 145, 1), (3004, 2322, 60, 10), (3005, 2322, 120, 20), (3006, 2323, 175, 1), (3007, 2324, 240, 1), (3008, 2325, 150, 1), (3009, 2326, 170, 1), (3010, 2327, 75, 3), (3011, 2327, 150, 6), (3012, 2328, 65, 3), (3013, 2328, 130, 6), (3014, 2329, 105, 1), (3015, 2330, 190, 1), (3016, 2331, 85, 3), (3017, 2331, 170, 6), (3018, 2332, 70, 3), (3019, 2332, 140, 6), (3020, 2333, 70, 3), (3021, 2333, 140, 6), (3022, 2334, 200, 1), (3023, 2335, 65, 1), (3024, 2336, 100, 3), (3025, 2336, 200, 6), (3026, 2337, 435, 1), (3027, 2338, 140, 3), (3028, 2338, 280, 6), (3029, 2339, 155, 3), (3030, 2339, 310, 6), (3031, 2340, 65, 10), (3032, 2340, 130, 20), (3033, 2341, 90, 5), (3034, 2341, 180, 10), (3035, 2342, 450, 1), (3036, 2343, 100, 1), (3037, 2344, 140, 1), (3038, 2345, 70, 2), (3039, 2346, 200, 1), (3040, 2347, 170, 1), (3041, 2348, 190, 1), (3042, 2349, 145, 1), (3043, 2350, 130, 1), (3044, 2351, 210, 1), (3045, 2352, 240, 1), (3046, 2353, 100, 1), (3047, 2354, 110, 1), (3048, 2355, 140, 1), (3049, 2356, 130, 1), (3050, 2357, 130, 1), (3051, 2358, 75, 1), (3052, 2359, 180, 5), (3053, 2359, 360, 10), (3054, 2360, 180, 1), (3055, 1662, 100, 10), (3056, 1664, 95, 10), (3057, 2361, 100, 1), (3058, 2362, 35, 1), (3059, 2363, 265, 1), (3060, 2364, 45, 1), (3061, 2365, 110, 1), (3062, 2366, 50, 1), (3063, 2368, 50, 1), (3064, 1605, 150, 2), (3065, 1606, 190, 2), (3066, 1609, 90, 2), (3067, 2369, 395, 1), (3068, 2370, 75, 1), (3069, 2371, 75, 5), (3070, 2371, 150, 10), (3071, 2372, 110, 10), (3072, 2373, 80, 1), (3073, 2374, 60, 3), (3074, 2374, 120, 6), (3075, 2375, 45, 1), (3076, 2376, 75, 1), (3077, 2377, 90, 10);

INSERT INTO "public"."unit_upgrades" ("id", "name", "points", "unit") VALUES (6, 'Invader ATV', 60, 2159), (7, 'Tidewall Defence Platform', 20, 2260);

INSERT INTO "public"."detachments" ("id", "name", "codex") VALUES (90, 'Army of Faith', 161), (91, 'Bringers of Flame', 161), (92, 'Hallowed Martyrs', 161), (93, 'Penitent Host', 161), (94, 'Auric Champions', 162), (95, 'Null Maiden Vigil', 162), (96, 'Shield Host', 162), (97, 'Talons of the Emperor', 162), (98, 'Cohort Cybernetica', 163), (99, 'Data-psalm Conclave', 163), (100, 'Explorator Maniple', 163), (101, 'Rad-zone Corps', 163), (102, 'Skitarii Hunter Cohort', 163), (103, 'Devoted of Ynnead', 164), (104, 'Combined Regiment', 165), (105, 'Righteous Crusaders', 166), (106, 'Liberator Assault Group', 167), (107, 'The Angelic Host', 167), (108, 'The Lost Brethren', 167), (109, 'Daemonic Incursion', 168), (110, 'Traitoris Lance', 169), (111, 'Chaos Cult', 170), (112, 'Deceptors', 170), (113, 'Dread Talons', 170), (114, 'Fellhammer Siege-host', 170), (115, 'Pactbound Zealots', 170), (116, 'Renegade Raiders', 170), (117, 'Soulforged Warpack', 170), (118, 'Veterans of the Long War', 170), (119, 'Company of Hunters', 172), (120, 'Inner Circle Task Force', 172), (121, 'Unforgiven Task Force', 172), (122, 'Plague Company', 173), (123, 'Realspace Raiders', 174), (124, 'Skysplinter Assault', 174), (125, 'Biosanctic Broodsurge', 175), (126, 'Brood Brother Auxilia', 175), (127, 'Host of Ascension', 175), (128, 'Outlander Claw', 175), (129, 'Xenocreed Congregation', 175), (130, 'Teleport Strike Force', 176), (131, 'Daemon Hunters', 177), (132, 'Imperialis Fleet', 177), (133, 'Purgation Force', 177), (134, 'Alien Hunters', 177), (135, 'Noble Lance', 178), (136, 'Oathband', 179), (137, 'Annihilation Legion', 180), (138, 'Awakened Dynasty', 180), (139, 'Canoptek Court', 180), (140, 'Hypercrypt Legion', 180), (141, 'Obeisance Phalanx', 180), (142, 'Bully Boyz', 181), (143, 'Da Big Hunt', 181), (144, 'Dread Mob', 181), (145, 'Green Tide', 181), (146, 'Kult of Speed', 181), (147, 'War Horde', 181), (148, '1st Company Task Force', 182), (149, 'Anvil Siege Force', 182), (150, 'Firestorm Assault Force', 182), (151, 'Gladius Task Force', 182), (152, 'Ironstorm Spearhead', 182), (153, 'Stormlance Task Force', 182), (154, 'Vanguard Spearhead', 182), (155, 'Champions of Russ', 183), (156, 'Kauyon', 184), (157, 'Kroot Hunting Pack', 184), (158, 'Mont’ka', 184), (159, 'Retaliation Cadre', 184), (160, 'Cult of Magic', 185), (161, 'Assimilation Swarm', 186), (162, 'Crusher Stampede', 186), (163, 'Invasion Fleet', 186), (164, 'Synaptic Nexus', 186), (165, 'Unending Swarm', 186), (166, 'Vanguard Onslaught', 186), (167, 'Berzerker Warband', 187), (168, 'Champions of Faith', 161), (171, 'Solar Spearhead', 162), (172, 'Startshatter Arsenal', 180), (173, 'Iconoclast Fiefdom', 169), (174, 'Haloscreed Battle Clade', 163), (175, 'Hexwarp Thrallband', 185), (176, 'Champions of Fenris', 183), (177, 'Vessels of Wrath', 187), (178, 'Wrathful Procession', 166), (179, 'Auxiliary Cadre', 184), (180, 'Angelic Inheritors', 167), (181, 'Final Day', 175), (182, 'Hearthband', 179), (183, 'Plague Legion', 168), (184, 'Blood Legion', 168), (185, 'Scintillating Legion', 168), (186, 'Legion of Excess', 168), (187, 'Bridgehead Strike', 165), (188, 'Taktikal Brigade', 181), (189, 'Aspect Host', 164), (190, 'Reaper''s Wager', 174), (191, 'Creation of Bile', 170), (192, 'Librarius Conclave', 182), (193, 'Warpbane Task Force', 176), (194, 'Questor Forgepact', 178), (195, 'Veiled Blade Elimination Force', 177), (196, 'Warrior Bioform Onslaught', 186), (197, 'Lion''s Blade Task Force', 172), (198, 'Flyblown Host', 173), (199, 'Hammer of the Emperor', 165), (200, 'Mechanised Assault', 165), (201, 'Recon Element', 165), (202, 'Siege Regiment', 165), (203, 'Ghosts of the Webway', 164), (204, 'Guardian Battlehost', 164), (205, 'Seer Council', 164), (206, 'Spirit Conclave', 164), (207, 'Warhost', 164), (208, 'Windrider Host', 164);

INSERT INTO "public"."detachment_enhancements" ("id", "name", "points", "detachment") VALUES (400, 'Blade of Saint Ellynor', 15, 90), (401, 'Divine Aspect', 5, 90), (402, 'Litanies of Faith', 10, 90), (403, 'Triptych of the Macharian Crusade', 20, 90), (404, 'Fire and Fury', 30, 91), (405, 'Iron Surplice of Saint Istalela', 10, 91), (406, 'Manual of Saint Griselda', 20, 91), (407, 'Righteous Rage', 15, 91), (408, 'Chaplet of Sacrifice', 25, 92), (409, 'Mantle of Ophelia', 20, 92), (410, 'Saintly Example', 10, 92), (411, 'Through Suffering, Strength', 25, 92), (412, 'Catechism of Divine Penitence', 20, 93), (413, 'Psalm of Righteous Judgement', 30, 93), (414, 'Refrain of Enduring Faith', 25, 93), (415, 'Verse of Holy Piety', 15, 93), (416, 'Blade Imperator', 25, 94), (417, 'Inspirational Exemplar', 10, 94), (418, 'Martial Philosopher', 30, 94), (419, 'Veiled Blade', 25, 94), (420, 'Enhanced Voidsheen Cloak', 10, 95), (421, 'Huntress'' Eye', 15, 95), (422, 'Oblivion Knight', 25, 95), (423, 'Raptor Blade', 5, 95), (424, 'Auric Mantle', 15, 96), (425, 'Castellan''s Mark', 20, 96), (426, 'From the Hall of Armouries', 25, 96), (427, 'Panoptispex', 5, 96), (428, 'Aegis Projector', 20, 97), (429, 'Champion of the Imperium', 25, 97), (430, 'Gift of Terran Artifice', 15, 97), (431, 'Radiant Mantle', 30, 97), (432, 'Arch-negator', 10, 98), (433, 'Emotionless Clarity', 15, 98), (434, 'Lord of Machines', 20, 98), (435, 'Necromechanic', 25, 98), (436, 'Data-blessed Autosermon', 20, 99), (437, 'Mantle of the Gnosticarch', 15, 99), (438, 'Mechanicus Locum', 10, 99), (439, 'Temporcopia', 25, 99), (440, 'Artisan', 15, 100), (441, 'Genetor', 25, 100), (442, 'Logis', 20, 100), (443, 'Magos', 15, 100), (444, 'Autoclavic Denunciation', 15, 101), (445, 'Malphonic Susurrus', 20, 101), (446, 'Peerless Eradicator', 20, 101), (447, 'Radial Suffusion', 25, 101), (448, 'Battle-sphere Uplink', 30, 102), (449, 'Cantic Thrallnet', 25, 102), (450, 'Clandestine Infiltrator', 20, 102), (451, 'Veiled Hunter', 10, 102), (452, 'Borrowed Vigour', 15, 103), (453, 'Gaze of Ynnead', 30, 103), (454, 'Morbid Might', 30, 103), (455, 'Storm of Whispers', 10, 103), (456, 'Death Mask of Ollanius', 10, 104), (457, 'Drill Commander', 20, 104), (458, 'Grand Strategist', 15, 104), (459, 'Reactive Command', 15, 104), (460, 'Perdition''s Edge', 15, 105), (461, 'Sigismund''s Seal', 20, 105), (462, 'Tännhauser''s Bones', 35, 105), (463, 'Witchseeker Bolts', 10, 105), (464, 'Gift of Foresight', 15, 106), (465, 'Icon of the Angel', 20, 106), (466, 'Rage-fuelled Warrior', 10, 106), (467, 'Speed of the Primarch', 25, 106), (468, 'Archangel''s Shard', 15, 107), (469, 'Artisan of War', 20, 107), (470, 'Gleaming Pinions', 25, 107), (471, 'Visage of Death', 15, 107), (472, 'Blood Shard', 25, 108), (473, 'Sanguinius'' Grace', 20, 108), (474, 'To Slay the Warmaster', 15, 108), (475, 'Vengeful Onslaught', 10, 108), (476, 'A''rgath, the King of Blades', 20, 109), (477, 'Soulstealer', 15, 109), (478, 'The Endless Gift', 30, 109), (479, 'The Everstave', 25, 109), (480, 'Lord of Dread', 25, 110), (481, 'Aura of Terror', 25, 110), (482, 'The Traitor''s Mark', 30, 110), (483, 'Panoply of the Cursed Knight', 40, 110), (484, 'Amulet of Tainted Vigour', 20, 111), (485, 'Cultist''s Brand', 20, 111), (486, 'Incendiary Goad', 15, 111), (487, 'Warped Foresight', 10, 111), (488, 'Cursed Fang', 10, 112), (489, 'Falsehood', 10, 112), (490, 'Shroud of Obfuscation', 15, 112), (491, 'Soul Link', 5, 112), (492, 'Eater of Dread', 15, 113), (493, 'Night''s Shroud', 20, 113), (494, 'Warp-fuelled Thrusters', 20, 113), (495, 'Willbreaker', 10, 113), (496, 'Bastion Plate', 10, 114), (497, 'Iron Artifice', 10, 114), (498, 'Ironbound Enmity', 15, 114), (499, 'Warp Tracer', 20, 114), (500, 'Eye of Tzeentch', 15, 115), (501, 'Intoxicating Elixir', 15, 115), (502, 'Orbs of Unlife', 15, 115), (503, 'Talisman of Burning Blood', 15, 115), (504, 'Despot''s Claim', 15, 116), (505, 'Dread Reaver', 15, 116), (506, 'Mark of the Hound', 25, 116), (507, 'Tyrant''s Lash', 20, 116), (508, 'Forge''s Blessing', 20, 117), (509, 'Invigorated Mechatendrils', 15, 117), (510, 'Tempting Addendum', 25, 117), (511, 'Soul Harvester', 15, 117), (512, 'Eager for Vengeance', 20, 118), (513, 'Eye of Abaddon', 15, 118), (514, 'Mark of Legend', 10, 118), (515, 'Warmaster''s Gift', 15, 118), (516, 'Master of Manoeuvre', 15, 119), (517, 'Master-crafted Weapon', 10, 119), (518, 'Mounted Strategist', 30, 119), (519, 'Recon Hunter', 20, 119), (520, 'Champion of the Deathwing', 15, 120), (521, 'Deathwing Assault', 30, 120), (522, 'Eye of the Unseen', 10, 120), (523, 'Singular Will', 20, 120), (524, 'Pennant of Remembrance', 10, 121), (525, 'Shroud of Heroes', 25, 121), (526, 'Stubborn Tenacity', 15, 121), (527, 'Weapons of the First Legion', 15, 121), (528, 'Deadly Pathogen', 15, 122), (529, 'Living Plague', 20, 122), (530, 'Shamblerot', 25, 122), (531, 'The Droning', 10, 122), (532, 'Crucible of Malediction', 10, 123), (533, 'Blood Dancer', 20, 123), (534, 'Labyrinthine Cunning', 30, 123), (535, 'The Art of Pain', 25, 123), (536, 'Nightmare Shroud', 20, 124), (537, 'Phantasmal Smoke', 20, 124), (538, 'Sadistic Fulcrum', 15, 124), (539, 'Spiteful Raider', 10, 124), (540, 'Alien Majesty', 15, 125), (541, 'Biomorph Adaptation', 25, 125), (542, 'Mutagenic Regeneration', 10, 125), (543, 'Predatory Instincts', 20, 125), (544, 'Adaptive Reprisal', 15, 126), (545, 'Firepoint Commander', 10, 126), (546, 'Martial Espionage', 25, 126), (547, 'The Hero Returned', 20, 126), (548, 'A Chink in Their Armour', 20, 127), (549, 'Assassination Edict', 15, 127), (550, 'Our Time Is Nigh', 20, 127), (551, 'Prowling Agitant', 15, 127), (552, 'Assault Commando', 15, 128), (553, 'Cartographic Data-leech', 10, 128), (554, 'Serpentine Tactics', 10, 128), (555, 'Starfall Shells', 10, 128), (556, 'Deeds That Speak to the Masses', 25, 129), (557, 'Denunciator of Tyrants', 25, 129), (558, 'Gene-sire''s Reliquant', 5, 129), (559, 'Incendiary Inspiration', 15, 129), (560, 'Domina Liber Daemonica', 20, 130), (561, 'First to the Fray', 35, 130), (562, 'Inescapable Wrath', 15, 130), (563, 'Sigil of Exigence', 30, 130), (564, 'Daemon Slayer', 10, 131), (565, 'Formidable Resolve', 5, 131), (566, 'Gift of the Prescient', 20, 131), (567, 'Grimoire of True Names', 10, 131), (568, 'Clandestine Operation', 15, 132), (569, 'Combat Landers', 10, 132), (570, 'Digital Weapons', 10, 132), (571, 'Fleetmaster', 20, 132), (572, 'Ignis Judicium', 10, 133), (573, 'Liber Heresius', 10, 133), (574, 'No Escape', 25, 133), (575, 'Witch Hunter', 15, 133), (576, 'Amulet of Auto-chastisement', 25, 134), (577, 'Beacon Angelis', 30, 134), (578, 'Blackweave Shroud', 15, 134), (579, 'Universal Anathema', 10, 134), (580, 'Banner of Macharius Triumphant', 30, 135), (581, 'Mysterious Guardian', 25, 135), (582, 'Mythic Hero', 25, 135), (583, 'Revered Knight', 15, 135), (584, 'Unyielding Paragon', 40, 135), (585, 'A Long List', 15, 136), (586, 'Appraising Glare', 20, 136), (587, 'Grim Demeanour', 20, 136), (588, 'Wayfarer''s Grace', 25, 136), (589, 'Eldritch Nightmare', 15, 137), (590, 'Eternal Madness', 25, 137), (591, 'Ingrained Superiority', 10, 137), (592, 'Soulless Reaper', 20, 137), (593, 'Enaegic Dermal Bond', 15, 138), (594, 'Nether-realm Casket', 20, 138), (595, 'Phasal Subjugator', 35, 138), (596, 'Veil of Darkness', 20, 138), (597, 'Autodivinator', 15, 139), (598, 'Dimensional Sanctum', 20, 139), (599, 'Hyperphasic Fulcrum', 15, 139), (600, 'Metalodermal Tesla Weave', 10, 139), (601, 'Arisen Tyrant', 25, 140), (602, 'Dimensional Overseer', 25, 140), (603, 'Hyperspatial Transfer Node', 15, 140), (604, 'Osteoclave Fulcrum', 20, 140), (605, 'Eternal Conqueror', 25, 141), (606, 'Honourable Combatant', 10, 141), (607, 'Unflinching Will', 20, 141), (608, 'Warrior Noble', 15, 141), (609, 'Big Gob', 20, 142), (610, 'Da Biggest Boss', 15, 142), (611, '''Eadstompa', 10, 142), (612, 'Tellyporta', 25, 142), (613, 'Glory Hog', 30, 143), (614, 'Proper Killy', 15, 143), (615, 'Skrag Every Stash!', 25, 143), (616, 'Surly as a Squiggoth', 20, 143), (617, 'Gitfinder Googlez', 10, 144), (618, 'Press It Fasta!', 35, 144), (619, 'Smoky Gubbinz', 15, 144), (620, 'Supa-glowy Fing', 20, 144), (621, 'Bloodthirsty Belligerence', 15, 145), (622, 'Brutal But Kunnin''', 25, 145), (623, 'Ferocious Show Off', 10, 145), (624, 'Raucous Warcaller', 20, 145), (625, 'Fasta Than Yooz', 35, 146), (626, 'Speed Makes Right', 25, 146), (627, 'Squig-hide Tyres', 15, 146), (628, 'Wazblasta', 10, 146), (629, 'Follow Me Ladz', 25, 147), (630, 'Headwoppa''s Killchoppa', 20, 147), (631, 'Kunnin'' But Brutal', 15, 147), (632, 'Supa-Cybork Body', 15, 147), (633, 'Fear Made Manifest', 30, 148), (634, 'Iron Resolve', 15, 148), (635, 'Rites of War', 10, 148), (636, 'The Imperium''s Sword', 25, 148), (637, 'Architect of War', 25, 149), (638, 'Fleet Commander', 15, 149), (639, 'Indomitable Fury', 20, 149), (640, 'Stoic Defender', 15, 149), (641, 'Adamantine Mantle', 20, 150), (642, 'Champion of Humanity', 10, 150), (643, 'Forged in Battle', 15, 150), (644, 'War-tempered Artifice', 25, 150), (645, 'Adept of the Codex', 20, 151), (646, 'Artificer Armour', 10, 151), (647, 'Fire Discipline', 40, 151), (648, 'The Honour Vehement', 15, 151), (649, 'Adept of the Omnissiah', 35, 152), (650, 'Master of Machine War', 20, 152), (651, 'Target Augury Web', 30, 152), (652, 'The Flesh is Weak', 10, 152), (653, 'Feinting Withdrawal', 10, 153), (654, 'Fury of the Storm', 25, 153), (655, 'Hunter''s Instincts', 25, 153), (656, 'Portents of Wisdom', 15, 153), (657, 'Execute and Redeploy', 20, 154), (658, 'Ghostweave Cloak', 15, 154), (659, 'Shadow War Veteran', 30, 154), (660, 'The Blade Driven Deep', 25, 154), (661, 'Black Death', 25, 155), (662, 'Frost Weapon', 15, 155), (663, 'The Pelt of Balewolf', 10, 155), (664, 'Wolf Tail Talisman', 20, 155), (665, 'Exemplar of the Kauyon', 20, 156), (666, 'Precision of the Patient Hunter', 15, 156), (667, 'Solid-image Projection Unit', 30, 156), (668, 'Through Unity, Devastation', 25, 156), (669, 'Borthrod Gland', 15, 157), (670, 'Kroothawk Flock', 10, 157), (671, 'Nomadic Hunter', 20, 157), (672, 'Root-carved Weapons', 10, 157), (673, 'Coordinated Exploitation', 20, 158), (674, 'Exemplar of the Mont''ka', 10, 158), (675, 'Strategic Conqueror', 15, 158), (676, 'Strike Swiftly', 25, 158), (677, 'Internal Grenade Racks', 20, 159), (678, 'Prototype Weapon System', 15, 159), (679, 'Puretide Engram Neurochip', 25, 159), (680, 'Starflare Ignition System', 20, 159), (681, 'Arcane Vortex', 25, 160), (682, 'Athenaean Scrolls', 20, 160), (683, 'Lord of Forbidden Lore', 35, 160), (684, 'Umbralefic Crystal', 20, 160), (685, 'Biophagic Flow', 10, 161), (686, 'Instinctive Defence', 15, 161), (687, 'Parasitic Biomorphology', 25, 161), (688, 'Regenerating Monstrosity', 20, 161), (689, 'Enraged Reserves', 20, 162), (690, 'Monstrous Nemesis', 25, 162), (691, 'Null Nodules', 10, 162), (692, 'Ominous Presence', 15, 162), (693, 'Adaptive Biology', 25, 163), (694, 'Alien Cunning', 30, 163), (695, 'Perfectly Adapted', 15, 163), (696, 'Synaptic Linchpin', 20, 163), (697, 'Power of the Hive Mind', 10, 164), (698, 'Psychostatic Disruption', 30, 164), (699, 'Synaptic Control', 20, 164), (700, 'The Dirgeheart of Kharis', 15, 164), (701, 'Adrenalised Onslaught', 15, 165), (702, 'Naturalised Camouflage', 30, 165), (703, 'Piercing Talons', 25, 165), (704, 'Relentless Hunger', 20, 165), (705, 'Chameleonic', 15, 166), (706, 'Hunting Grounds', 20, 166), (707, 'Neuronode', 20, 166), (708, 'Stalker', 10, 166), (709, 'Battle-lust', 15, 167), (710, 'Berzerker Glaive', 25, 167), (711, 'Favoured of Khorne', 20, 167), (712, 'Helm of Brazen Ire', 25, 167), (714, 'Triptych of Judgement', 15, 168), (716, 'Mark of Devotion', 30, 168), (717, 'Eyes of the Oracle', 10, 168), (718, 'Sanctified Amulet', 25, 168), (722, 'Adamantine Talisman', 25, 171), (723, 'Augury Uplink', 25, 171), (724, 'Honoured Fallen (Aura)', 15, 171), (725, 'Veteran of the Kataphraktoi', 10, 171), (726, 'Dread Majesty (Aura)', 30, 172), (727, 'Miniaturised Nebuloscope', 15, 172), (728, 'Demanding Leader', 10, 172), (729, 'Chrono-Impedance Fields', 25, 172), (730, 'Profane Altar', 20, 173), (731, 'Pave the Way', 15, 173), (732, 'Tyrant''s Banner', 5, 173), (733, 'Diabolical Resilience', 35, 173), (734, 'Transoracular Dyad Wafers', 30, 174), (735, 'Cognitive Reinforcement', 35, 174), (736, 'Sanctified Ordnance', 10, 174), (737, 'Inloaded Lethality', 15, 174), (738, 'Arcane Might', 20, 175), (739, 'Empowered Manifestation', 20, 175), (740, 'Empyric Onslaught', 25, 175), (741, 'Noctilith Mantle', 15, 175), (742, 'Wolves'' Wisdom', 30, 176), (743, 'Foe''s Fate', 15, 176), (744, 'Fangrune Pendant', 15, 176), (745, 'Longstrider', 20, 176), (746, 'Archslaughterer', 25, 177), (747, 'Vox-Diabolus', 20, 177), (748, 'Avenger''s Crown', 15, 177), (749, 'Gateways to Glory', 10, 177), (750, 'Pyrebrand', 25, 178), (751, 'Sacred Rage', 30, 178), (752, 'Taramond''s Censer', 15, 178), (753, 'Benediction of Fury', 10, 178), (754, 'Student of Kauyon', 15, 179), (755, 'Admired Leader', 20, 179), (756, 'Fanatical Convert', 10, 179), (757, 'Transponder Lock Module', 25, 179), (758, 'Prescient Flash', 20, 180), (759, 'Troubling Visions', 15, 180), (760, 'Blazing Icon', 20, 180), (761, 'Ordained Sacrifice', 25, 180), (762, 'Synaptic Auger', 15, 181), (763, 'Enraptured Damnation', 10, 181), (764, 'Vanguard Tyrant', 25, 181), (765, 'Inuhman Integration', 20, 181), (766, 'Bastion Shield', 25, 182), (767, 'Quake Multigenerator', 15, 182), (768, 'Ironskein', 10, 182), (769, 'High Kâhl', 30, 182), (770, 'Cankerblight (Aura)', 15, 183), (771, 'Maggot Maws', 15, 183), (772, 'Droning Shroud (Aura)', 35, 183), (773, 'Font of Spores (Aura)', 20, 183), (774, 'Slaughterthirst (Aura)', 35, 184), (775, 'Fury''s Cage', 20, 184), (776, 'Brazenmaw', 15, 184), (777, 'Gateway Unto Damnation', 10, 184), (778, 'Inescapable Eye', 10, 185), (779, 'Infernal Puppeteer', 10, 185), (780, 'Neverblade', 20, 185), (781, 'Improbable Shield (Aura)', 30, 185), (782, 'False Majesty (Aura)', 30, 186), (783, 'Dreaming Crown (Aura)', 30, 186), (784, 'Avatar of Perfection', 15, 186), (785, 'Soul Glutton', 10, 186), (786, 'Bombast-Class Vox-Array', 25, 187), (787, 'Priority-Drop Beacon', 30, 187), (788, 'Shroud Projector', 15, 187), (789, 'Advance Augury', 15, 187), (790, 'Skwad Leader', 15, 188), (791, 'Mek Kaptin', 35, 188), (792, 'Mork''s Kunnin''', 15, 188), (793, 'Gob Boomer', 10, 188), (794, 'Aspect of Murder', 30, 189), (795, 'Shimmerstone', 15, 189), (796, 'Strategic Savant', 10, 189), (797, 'Mantle of Wisdom', 35, 189), (798, 'Archraider', 15, 190), (799, 'Webway Walker', 15, 190), (800, 'Reaper''s Cowl', 25, 190), (801, 'Conductor of Torment', 20, 190), (802, 'Surgical Precision', 10, 191), (803, 'Living Carapace', 15, 191), (804, 'Helm of All-Seeing', 25, 191), (805, 'Prime Test Subject', 35, 191), (806, 'Prescience', 25, 192), (807, 'Celerity', 30, 192), (808, 'Obfuscation', 20, 192), (809, 'Fusillade', 15, 192), (810, 'Mandulian Reliquary', 20, 193), (811, 'Radiant Champion', 15, 193), (812, 'Phial of the Abyss', 25, 193), (813, 'Paragon of Sanctity', 10, 193), (814, 'Omnissian Champion', 30, 194), (815, 'Knight of the Opus Machina', 20, 194), (816, 'Magos Questoris', 35, 194), (817, 'Vocifer Magnificat (Aura)', 15, 194), (818, 'Decoy Targets', 40, 195), (819, 'Esoteric Explosives', 40, 195), (820, 'Intraneural Biotech', 35, 195), (821, 'Micromelta Rounds', 45, 195), (822, 'Synaptic Tyrant', 10, 196), (823, 'Ocular Adaptation', 20, 196), (824, 'Sensory Assimilation', 20, 196), (825, 'Elevated Might', 30, 196), (826, 'Calibanite Armament''s', 15, 197), (827, 'Lord of the Hunt', 15, 197), (828, 'Stalwart Champion', 25, 197), (829, 'Fulgus Magna', 20, 197), (830, 'Droning Chorus', 15, 198), (831, 'Insectile Murmuration', 20, 198), (832, 'Rejuvenating Swarm', 10, 198), (833, 'Plagueveil', 25, 198), (834, 'Calm Under Fire ', 15, 199), (835, 'Indomitable Steed', 15, 199), (836, 'Regimental Banner', 20, 199), (837, 'Veteran Crew', 20, 199), (838, 'Bold Leadership', 25, 200), (839, 'Sacred Unguents', 10, 200), (840, 'Smoke Grenades', 10, 200), (841, 'Vanguard Honours', 15, 200), (842, 'Guerrilla Honours', 25, 201), (843, 'Scare Gas Grenades', 5, 201), (844, 'Survival Gear', 5, 201), (845, 'Tripwires', 20, 201), (846, 'Eager Advance', 20, 202), (847, 'Flash Grenades', 20, 202), (848, 'Legacy Sidearm', 10, 202), (849, 'Stalwart''s Honours', 15, 202), (850, 'Cegorach''s Coil', 25, 203), (851, 'Mask of Secrets', 10, 203), (852, 'Mistweave', 15, 203), (853, 'Murder''s Jest', 20, 203), (854, 'Breath of Vaul', 10, 204), (855, 'Craftworld''s Champion', 25, 204), (856, 'Ethereal Pathway', 30, 204), (857, 'Protector of the Paths', 20, 204), (858, 'Lucid Eye', 30, 205), (859, 'Runes of Warding', 35, 205), (860, 'Stone of Eldritch Fury', 15, 205), (861, 'Torc of Morai Heg', 10, 205), (862, 'Higher Duty', 35, 206), (863, 'Light of Clarity', 40, 206), (864, 'Runes of Mists', 30, 206), (865, 'Stave of Kurnous', 10, 206), (866, 'Gift of Foresight', 15, 207), (867, 'Phoenix Gem', 10, 207), (868, 'Psychic Destroyer', 30, 207), (869, 'Timeless Strategist', 15, 207), (870, 'Echoes of Ulthanesh', 20, 208), (871, 'Firstdrawn Blade', 10, 208), (872, 'Mirage Field', 25, 208), (873, 'Seersight Strike', 15, 208);
